Workbook

Sheet ST031
A1: MGA CONTRATISTA MIINERA S.A DE C.V. | J1: Fecha: | K1: 46225
J2: Elaboró: | K2: Programador
J3: Revisó: | K3: Coordinador de Mtto
J4: Autorizo: | K4: Gerente de Mtto
J5: Código
A6: CONSUMOS DE ACEITES
A8: Dia | B8: FECHA | C8: Tipo de Aceite | I8: Comentarios
C9: Hidraulico | D9: Trasmision | E9: Diferencial | F9: Motor | G9: Almo | H9: Anticongelante
A10: 1 | B10: 01 DE JULIO DEL 2026
A11: 2 | B11: 2 DE JULIO DEL 2026
A12: 3 | B12: 3 DE JULIO DEL 2026
A13: 4 | B13: 4 DE JULIO DEL 2026
A14: 5 | B14: 5 DE JULIO DEL 2026
A15: 6 | B15: 6 DE JULIO DEL 2026
A16: 7 | B16: 7 DE JULIO DEL 2026
A17: 8 | B17: 8 DE JULIO DEL 2026
A18: 9 | B18: 9 DE JULIO DEL 2026
A19: 10 | B19: 10 DE JULIO DEL 2026
A20: 11 | B20: 11 DE JULIO DEL 2026
A21: 12 | B21: 12 DE JULIO DEL 2026
... A25: 16 | B25: 16 DE JULIO DEL 2026
A26: 17 | B26: 17 DE JULIO DEL 2026 | H26: 50
A27: 18 | B27: 18 DE JULIO DEL 2026 | F27: 5
A28: 19 | B28: 19 DE JULIO DEL 2026 | C28: 190
A29: 20 | B29: 20 DE JULIO DEL 2026
A30: 21 | B30: 21 DE JULIO DEL 2026
A31: 22 | B31: 22 DE JULIO DEL 2026
A32: 23 | B32: 23 DE JULIO DEL 2026
A33: 24 | B33: 24 DE JULIO DEL 2026
A34: 25 | B34: 25 DE JULIO DEL 2026
A35: 26 | B35: 26 DE JULIO DEL 2026
A36: 27 | B36: 27 DE JULIO DEL 2026
A37: 28 | B37: 28 DE JULIO DEL 2026
A38: 29 | B38: 29 DE JULIO DEL 2026
A39: 30 | B39: 30 DE JULIO DEL 2026
A40: 31 | B40: 31 DE JULIO DEL 2026
C41: =SUM(C10:C40) -> 190 | D41: =SUM(D10:D40) -> 0 | E41: =SUM(E10:E40) -> 0 | F41: =SUM(F10:F40) -> 5 | G41: =SUM(G10:G40) -> 0 | H41: =SUM(H10:H40) -> 50

Sheet ST016
A1: MGA CONTRATISTA MIINERA S.A DE C.V. | J1: Fecha: | K1: 46225
J2: Elaboró: | K2: Programador
J3: Revisó: | K3: Coordinador de Mtto
J4: Autorizo: | K4: Gerente de Mtto
J5: Código
A6: CONSUMOS DE ACEITES
A8: Dia | B8: FECHA | C8: Tipo de Aceite | I8: Comentarios
C9: Hidraulico | D9: Trasmision | E9: Diferencial | F9: Motor | G9: Almo | H9: Anticongelante
A10: 1 | B10: 01 DE JULIO DEL 2026
A11: 2 | B11: 2 DE JULIO DEL 2026
A12: 3 | B12: 3 DE JULIO DEL 2026
A13: 4 | B13: 4 DE JULIO DEL 2026
A14: 5 | B14: 5 DE JULIO DEL 2026 | C14: 20
A15: 6 | B15: 6 DE JULIO DEL 2026 | F15: 10
A16: 7 | B16: 7 DE JULIO DEL 2026
A17: 8 | B17: 8 DE JULIO DEL 2026
A18: 9 | B18: 9 DE JULIO DEL 2026
A19: 10 | B19: 10 DE JULIO DEL 2026
A20: 11 | B20: 11 DE JULIO DEL 2026
A21: 12 | B21: 12 DE JULIO DEL 2026
A22: 13 | B22: 13 DE JULIO DEL 2026
A23: 14 | B23: 14 DE JULIO DEL 2026
A24: 15 | B24: 15 DE JULIO DEL 2026
A25: 16 | B25: 16 DE JULIO DEL 2026
A26: 17 | B26: 17 DE JULIO DEL 2026
A27: 18 | B27: 18 DE JULIO DEL 2026
... A40: 31 | B40: 31 DE JULIO DEL 2026
C41: =SUM(C10:C40) -> 20 | D41: =SUM(D10:D40) -> 0 | E41: =SUM(E10:E40) -> 0 | F41: =SUM(F10:F40) -> 10 | G41: =SUM(G10:G40) -> 0 | H41: =SUM(H10:H40) -> 0

Sheet ST018
A1: MGA CONTRATISTA MIINERA S.A DE C.V. | J1: Fecha: | K1: 46225
J2: Elaboró: | K2: Programador
J3: Revisó: | K3: Coordinador de Mtto
J4: Autorizo: | K4: Gerente de Mtto
J5: Código
A6: CONSUMOS DE ACEITES
A8: Dia | B8: FECHA | C8: Tipo de Aceite | I8: Comentarios
C9: Hidraulico | D9: Trasmision | E9: Diferencial | F9: Motor | G9: Almo | H9: Anticongelante
A10: 1 | B10: 01 DE JULIO DEL 2026
A11: 2 | B11: 2 DE JULIO DEL 2026
A12: 3 | B12: 3 DE JULIO DEL 2026
A13: 4 | B13: 4 DE JULIO DEL 2026
A14: 5 | B14: 5 DE JULIO DEL 2026
A15: 6 | B15: 6 DE JULIO DEL 2026
A16: 7 | B16: 7 DE JULIO DEL 2026
A17: 8 | B17: 8 DE JULIO DEL 2026
A18: 9 | B18: 9 DE JULIO DEL 2026
A19: 10 | B19: 10 DE JULIO DEL 2026
A20: 11 | B20: 11 DE JULIO DEL 2026
A21: 12 | B21: 12 DE JULIO DEL 2026
... A26: 17 | B26: 17 DE JULIO DEL 2026
A27: 18 | B27: 18 DE JULIO DEL 2026 | C27: 160
A28: 19 | B28: 19 DE JULIO DEL 2026
A29: 20 | B29: 20 DE JULIO DEL 2026
A30: 21 | B30: 21 DE JULIO DEL 2026
A31: 22 | B31: 22 DE JULIO DEL 2026
A32: 23 | B32: 23 DE JULIO DEL 2026
A33: 24 | B33: 24 DE JULIO DEL 2026
A34: 25 | B34: 25 DE JULIO DEL 2026
A35: 26 | B35: 26 DE JULIO DEL 2026
A36: 27 | B36: 27 DE JULIO DEL 2026
A37: 28 | B37: 28 DE JULIO DEL 2026
A38: 29 | B38: 29 DE JULIO DEL 2026
A39: 30 | B39: 30 DE JULIO DEL 2026
A40: 31 | B40: 31 DE JULIO DEL 2026
C41: =SUM(C10:C40) -> 160 | D41: =SUM(D10:D40) -> 0 | E41: =SUM(E10:E40) -> 0 | F41: =SUM(F10:F40) -> 0 | G41: =SUM(G10:G40) -> 0 | H41: =SUM(H10:H40) -> 0

Sheet ST036
A1: MGA CONTRATISTA MIINERA S.A DE C.V. | J1: Fecha: | K1: 46225
J2: Elaboró: | K2: Programador
J3: Revisó: | K3: Coordinador de Mtto
J4: Autorizo: | K4: Gerente de Mtto
J5: Código
A6: CONSUMOS DE ACEITES
A8: Dia | B8: FECHA | C8: Tipo de Aceite | I8: Comentarios
C9: Hidraulico | D9: Trasmision | E9: Diferencial | F9: Motor | G9: Almo | H9: Anticongelante
A10: 1 | B10: 01 DE JULIO DEL 2026
A11: 2 | B11: 2 DE JULIO DEL 2026
A12: 3 | B12: 3 DE JULIO DEL 2026
A13: 4 | B13: 4 DE JULIO DEL 2026
A14: 5 | B14: 5 DE JULIO DEL 2026
A15: 6 | B15: 6 DE JULIO DEL 2026
A16: 7 | B16: 7 DE JULIO DEL 2026
A17: 8 | B17: 8 DE JULIO DEL 2026
A18: 9 | B18: 9 DE JULIO DEL 2026
A19: 10 | B19: 10 DE JULIO DEL 2026
A20: 11 | B20: 11 DE JULIO DEL 2026
A21: 12 | B21: 12 DE JULIO DEL 2026
A22: 13 | B22: 13 DE JULIO DEL 2026
A23: 14 | B23: 14 DE JULIO DEL 2026 | C23: 10 | F23: 8 | H23: 6
A24: 15 | B24: 15 DE JULIO DEL 2026
A25: 16 | B25: 16 DE JULIO DEL 2026 | C25: 160
A26: 17 | B26: 17 DE JULIO DEL 2026 | C26: 80 | F26: 3
A27: 18 | B27: 18 DE JULIO DEL 2026
A28: 19 | B28: 19 DE JULIO DEL 2026
A29: 20 | B29: 20 DE JULIO DEL 2026
A30: 21 | B30: 21 DE JULIO DEL 2026
A31: 22 | B31: 22 DE JULIO DEL 2026
A32: 23 | B32: 23 DE JULIO DEL 2026
A33: 24 | B33: 24 DE JULIO DEL 2026
A34: 25 | B34: 25 DE JULIO DEL 2026
A35: 26 | B35: 26 DE JULIO DEL 2026
A36: 27 | B36: 27 DE JULIO DEL 2026
A37: 28 | B37: 28 DE JULIO DEL 2026
A38: 29 | B38: 29 DE JULIO DEL 2026
... A40: 31 | B40: 31 DE JULIO DEL 2026
C41: =SUM(C10:C40) -> 250 | D41: =SUM(D10:D40) -> 0 | E41: =SUM(E10:E40) -> 0 | F41: =SUM(F10:F40) -> 11 | G41: =SUM(G10:G40) -> 0 | H41: =SUM(H10:H40) -> 6

Sheet ST025
A1: MGA CONTRATISTA MIINERA S.A DE C.V. | J1: Fecha: | K1: 46225
J2: Elaboró: | K2: Programador
J3: Revisó: | K3: Coordinador de Mtto
J4: Autorizo: | K4: Gerente de Mtto
J5: Código
A6: CONSUMOS DE ACEITES
A8: Dia | B8: FECHA | C8: Tipo de Aceite | I8: Comentarios
C9: Hidraulico | D9: Trasmision | E9: Diferencial | F9: Motor | G9: Almo | H9: Anticongelante
A10: 1 | B10: 01 DE JULIO DEL 2026
A11: 2 | B11: 2 DE JULIO DEL 2026
A12: 3 | B12: 3 DE JULIO DEL 2026
A13: 4 | B13: 4 DE JULIO DEL 2026
A14: 5 | B14: 5 DE JULIO DEL 2026
A15: 6 | B15: 6 DE JULIO DEL 2026
A16: 7 | B16: 7 DE JULIO DEL 2026
A17: 8 | B17: 8 DE JULIO DEL 2026
A18: 9 | B18: 9 DE JULIO DEL 2026
A19: 10 | B19: 10 DE JULIO DEL 2026
A20: 11 | B20: 11 DE JULIO DEL 2026
A21: 12 | B21: 12 DE JULIO DEL 2026 | D21: 60
A22: 13 | B22: 13 DE JULIO DEL 2026 | C22: 10 | F22: 3
A23: 14 | B23: 14 DE JULIO DEL 2026
A24: 15 | B24: 15 DE JULIO DEL 2026
A25: 16 | B25: 16 DE JULIO DEL 2026 | C25: 5 | F25: 4
A26: 17 | B26: 17 DE JULIO DEL 2026 | C26: 380 | H26: 50
A27: 18 | B27: 18 DE JULIO DEL 2026
A28: 19 | B28: 19 DE JULIO DEL 2026
A29: 20 | B29: 20 DE JULIO DEL 2026
A30: 21 | B30: 21 DE JULIO DEL 2026 | C30: 20
A31: 22 | B31: 22 DE JULIO DEL 2026
A32: 23 | B32: 23 DE JULIO DEL 2026
A33: 24 | B33: 24 DE JULIO DEL 2026
A34: 25 | B34: 25 DE JULIO DEL 2026
A35: 26 | B35: 26 DE JULIO DEL 2026
A36: 27 | B36: 27 DE JULIO DEL 2026
A37: 28 | B37: 28 DE JULIO DEL 2026
A38: 29 | B38: 29 DE JULIO DEL 2026
A39: 30 | B39: 30 DE JULIO DEL 2026
A40: 31 | B40: 31 DE JULIO DEL 2026
C41: =SUM(C10:C40) -> 415 | D41: =SUM(D10:D40) -> 60 | E41: =SUM(E10:E40) -> 0 | F41: =SUM(F10:F40) -> 7 | G41: =SUM(G10:G40) -> 0 | H41: =SUM(H10:H40) -> 50

Sheet JL015
A1: MGA CONTRATISTA MIINERA S.A DE C.V. | J1: Fecha: | K1: 46225
J2: Elaboró: | K2: Programador
J3: Revisó: | K3: Coordinador de Mtto
J4: Autorizo: | K4: Gerente de Mtto
J5: Código
A6: CONSUMOS DE ACEITES
A8: Dia | B8: FECHA | C8: Tipo de Aceite | I8: Comentarios
C9: Hidraulico | D9: Trasmision | E9: Diferencial | F9: Motor | G9: Almo | H9: Anticongelante
A10: 1 | B10: 01 DE JULIO DEL 2026
A11: 2 | B11: 2 DE JULIO DEL 2026
A12: 3 | B12: 3 DE JULIO DEL 2026
A13: 4 | B13: 4 DE JULIO DEL 2026
A14: 5 | B14: 5 DE JULIO DEL 2026 | I14: Cambio de aceite con filtro de retorno y de alta
A15: 6 | B15: 6 DE JULIO DEL 2026 | C15: 220
A16: 7 | B16: 7 DE JULIO DEL 2026
A17: 8 | B17: 8 DE JULIO DEL 2026
A18: 9 | B18: 9 DE JULIO DEL 2026 | C18: 220 | I18: Cambio de aceite con filtro de retorno y de alta
A19: 10 | B19: 10 DE JULIO DEL 2026
A20: 11 | B20: 11 DE JULIO DEL 2026
A21: 12 | B21: 12 DE JULIO DEL 2026
A22: 13 | B22: 13 DE JULIO DEL 2026
A23: 14 | B23: 14 DE JULIO DEL 2026
A24: 15 | B24: 15 DE JULIO DEL 2026 | C24: 20
A25: 16 | B25: 16 DE JULIO DEL 2026
A26: 17 | B26: 17 DE JULIO DEL 2026 | C26: 20
A27: 18 | B27: 18 DE JULIO DEL 2026
A28: 19 | B28: 19 DE JULIO DEL 2026
A29: 20 | B29: 20 DE JULIO DEL 2026 | C29: 10
A30: 21 | B30: 21 DE JULIO DEL 2026 | C30: 20
A31: 22 | B31: 22 DE JULIO DEL 2026 | C31: 230 | I31: Cambio de aceite con filtro de retorno y de alta
A32: 23 | B32: 23 DE JULIO DEL 2026
A33: 24 | B33: 24 DE JULIO DEL 2026
A34: 25 | B34: 25 DE JULIO DEL 2026
A35: 26 | B35: 26 DE JULIO DEL 2026
A36: 27 | B36: 27 DE JULIO DEL 2026
A37: 28 | B37: 28 DE JULIO DEL 2026
A38: 29 | B38: 29 DE JULIO DEL 2026
A39: 30 | B39: 30 DE JULIO DEL 2026
A40: 31 | B40: 31 DE JULIO DEL 2026
C41: =SUM(C10:C40) -> 740 | D41: =SUM(D10:D40) -> 0 | E41: =SUM(E10:E40) -> 0 | F41: =SUM(F10:F40) -> 0 | G41: =SUM(G10:G40) -> 0 | H41: =SUM(H10:H40) -> 0

Sheet JL025
A1: MGA CONTRATISTA MIINERA S.A DE C.V. | J1: Fecha: | K1: 46225
J2: Elaboró: | K2: Programador
J3: Revisó: | K3: Coordinador de Mtto
J4: Autorizo: | K4: Gerente de Mtto
J5: Código
A6: CONSUMOS DE ACEITES
A8: Dia | B8: FECHA | C8: Tipo de Aceite | I8: Comentarios
C9: Hidraulico | D9: Trasmision | E9: Diferencial | F9: Motor | G9: Almo | H9: Anticongelante
A10: 1 | B10: 01 DE JULIO DEL 2026
A11: 2 | B11: 2 DE JULIO DEL 2026
A12: 3 | B12: 3 DE JULIO DEL 2026
A13: 4 | B13: 4 DE JULIO DEL 2026
A14: 5 | B14: 5 DE JULIO DEL 2026
A15: 6 | B15: 6 DE JULIO DEL 2026
A16: 7 | B16: 7 DE JULIO DEL 2026
A17: 8 | B17: 8 DE JULIO DEL 2026
A18: 9 | B18: 9 DE JULIO DEL 2026
A19: 10 | B19: 10 DE JULIO DEL 2026
A20: 11 | B20: 11 DE JULIO DEL 2026
A21: 12 | B21: 12 DE JULIO DEL 2026
... A24: 15 | B24: 15 DE JULIO DEL 2026
A25: 16 | B25: 16 DE JULIO DEL 2026 | F25: 5
A26: 17 | B26: 17 DE JULIO DEL 2026 | F26: 4 | H26: 5
A27: 18 | B27: 18 DE JULIO DEL 2026
A28: 19 | B28: 19 DE JULIO DEL 2026
A29: 20 | B29: 20 DE JULIO DEL 2026
A30: 21 | B30: 21 DE JULIO DEL 2026 | C30: 20
A31: 22 | B31: 22 DE JULIO DEL 2026
A32: 23 | B32: 23 DE JULIO DEL 2026
A33: 24 | B33: 24 DE JULIO DEL 2026
A34: 25 | B34: 25 DE JULIO DEL 2026
A35: 26 | B35: 26 DE JULIO DEL 2026
A36: 27 | B36: 27 DE JULIO DEL 2026
A37: 28 | B37: 28 DE JULIO DEL 2026
A38: 29 | B38: 29 DE JULIO DEL 2026
A39: 30 | B39: 30 DE JULIO DEL 2026
A40: 31 | B40: 31 DE JULIO DEL 2026
C41: =SUM(C10:C40) -> 20 | D41: =SUM(D10:D40) -> 0 | E41: =SUM(E10:E40) -> 0 | F41: =SUM(F10:F40) -> 9 | G41: =SUM(G10:G40) -> 0 | H41: =SUM(H10:H40) -> 5

Sheet JL024
A1: MGA CONTRATISTA MIINERA S.A DE C.V. | J1: Fecha: | K1: 46225
J2: Elaboró: | K2: Programador
J3: Revisó: | K3: Coordinador de Mtto
J4: Autorizo: | K4: Gerente de Mtto
J5: Código
A6: CONSUMOS DE ACEITES
A8: Dia | B8: FECHA | C8: Tipo de Aceite | I8: Comentarios
C9: Hidraulico | D9: Trasmision | E9: Diferencial | F9: Motor | G9: Almo | H9: Anticongelante
A10: 1 | B10: 01 DE JULIO DEL 2026
A11: 2 | B11: 2 DE JULIO DEL 2026
A12: 3 | B12: 3 DE JULIO DEL 2026
A13: 4 | B13: 4 DE JULIO DEL 2026
A14: 5 | B14: 5 DE JULIO DEL 2026
A15: 6 | B15: 6 DE JULIO DEL 2026
A16: 7 | B16: 7 DE JULIO DEL 2026
A17: 8 | B17: 8 DE JULIO DEL 2026
A18: 9 | B18: 9 DE JULIO DEL 2026
A19: 10 | B19: 10 DE JULIO DEL 2026
A20: 11 | B20: 11 DE JULIO DEL 2026
A21: 12 | B21: 12 DE JULIO DEL 2026
... A25: 16 | B25: 16 DE JULIO DEL 2026
A26: 17 | B26: 17 DE JULIO DEL 2026 | C26: 20
A27: 18 | B27: 18 DE JULIO DEL 2026
A28: 19 | B28: 19 DE JULIO DEL 2026
A29: 20 | B29: 20 DE JULIO DEL 2026
A30: 21 | B30: 21 DE JULIO DEL 2026 | C30: 20
A31: 22 | B31: 22 DE JULIO DEL 2026
A32: 23 | B32: 23 DE JULIO DEL 2026
A33: 24 | B33: 24 DE JULIO DEL 2026
A34: 25 | B34: 25 DE JULIO DEL 2026
A35: 26 | B35: 26 DE JULIO DEL 2026
A36: 27 | B36: 27 DE JULIO DEL 2026
A37: 28 | B37: 28 DE JULIO DEL 2026
A38: 29 | B38: 29 DE JULIO DEL 2026
A39: 30 | B39: 30 DE JULIO DEL 2026
A40: 31 | B40: 31 DE JULIO DEL 2026
C41: =SUM(C10:C40) -> 40 | D41: =SUM(D10:D40) -> 0 | E41: =SUM(E10:E40) -> 0 | F41: =SUM(F10:F40) -> 0 | G41: =SUM(G10:G40) -> 0 | H41: =SUM(H10:H40) -> 0

Sheet JL019
A1: MGA CONTRATISTA MIINERA S.A DE C.V. | J1: Fecha: | K1: 46225
J2: Elaboró: | K2: Programador
J3: Revisó: | K3: Coordinador de Mtto
J4: Autorizo: | K4: Gerente de Mtto
J5: Código
A6: CONSUMOS DE ACEITES
A8: Dia | B8: FECHA | C8: Tipo de Aceite | I8: Comentarios
C9: Hidraulico | D9: Trasmision | E9: Diferencial | F9: Motor | G9: Almo | H9: Anticongelante
A10: 1 | B10: 01 DE JULIO DEL 2026
A11: 2 | B11: 2 DE JULIO DEL 2026
A12: 3 | B12: 3 DE JULIO DEL 2026
A13: 4 | B13: 4 DE JULIO DEL 2026
A14: 5 | B14: 5 DE JULIO DEL 2026
A15: 6 | B15: 6 DE JULIO DEL 2026
A16: 7 | B16: 7 DE JULIO DEL 2026
A17: 8 | B17: 8 DE JULIO DEL 2026
A18: 9 | B18: 9 DE JULIO DEL 2026
A19: 10 | B19: 10 DE JULIO DEL 2026
A20: 11 | B20: 11 DE JULIO DEL 2026
A21: 12 | B21: 12 DE JULIO DEL 2026
... A40: 31 | B40: 31 DE JULIO DEL 2026
C41: =SUM(C10:C40) -> 0 | D41: =SUM(D10:D40) -> 0 | E41: =SUM(E10:E40) -> 0 | F41: =SUM(F10:F40) -> 0 | G41: =SUM(G10:G40) -> 0 | H41: =SUM(H10:H40) -> 0

Sheet JA004
A1: MGA CONTRATISTA MIINERA S.A DE C.V. | J1: Fecha: | K1: 46225
J2: Elaboró: | K2: Programador
J3: Revisó: | K3: Coordinador de Mtto
J4: Autorizo: | K4: Gerente de Mtto
J5: Código
A6: CONSUMOS DE ACEITES
A8: Dia | B8: FECHA | C8: Tipo de Aceite | I8: Comentarios
C9: Hidraulico | D9: Trasmision | E9: Diferencial | F9: Motor | G9: Almo | H9: Anticongelante
A10: 1 | B10: 01 DE JULIO DEL 2026
A11: 2 | B11: 2 DE JULIO DEL 2026
A12: 3 | B12: 3 DE JULIO DEL 2026
A13: 4 | B13: 4 DE JULIO DEL 2026
A14: 5 | B14: 5 DE JULIO DEL 2026
A15: 6 | B15: 6 DE JULIO DEL 2026
A16: 7 | B16: 7 DE JULIO DEL 2026
A17: 8 | B17: 8 DE JULIO DEL 2026
A18: 9 | B18: 9 DE JULIO DEL 2026
A19: 10 | B19: 10 DE JULIO DEL 2026
A20: 11 | B20: 11 DE JULIO DEL 2026
A21: 12 | B21: 12 DE JULIO DEL 2026
... A28: 19 | B28: 19 DE JULIO DEL 2026
A29: 20 | B29: 20 DE JULIO DEL 2026 | C29: 80
A30: 21 | B30: 21 DE JULIO DEL 2026
A31: 22 | B31: 22 DE JULIO DEL 2026
A32: 23 | B32: 23 DE JULIO DEL 2026
A33: 24 | B33: 24 DE JULIO DEL 2026
A34: 25 | B34: 25 DE JULIO DEL 2026
A35: 26 | B35: 26 DE JULIO DEL 2026
A36: 27 | B36: 27 DE JULIO DEL 2026
A37: 28 | B37: 28 DE JULIO DEL 2026
A38: 29 | B38: 29 DE JULIO DEL 2026
A39: 30 | B39: 30 DE JULIO DEL 2026
A40: 31 | B40: 31 DE JULIO DEL 2026
C41: =SUM(C10:C40) -> 80 | D41: =SUM(D10:D40) -> 0 | E41: =SUM(E10:E40) -> 0 | F41: =SUM(F10:F40) -> 0 | G41: =SUM(G10:G40) -> 0 | H41: =SUM(H10:H40) -> 0

Sheet JA007
A1: MGA CONTRATISTA MIINERA S.A DE C.V. | J1: Fecha: | K1: 46225
J2: Elaboró: | K2: Programador
J3: Revisó: | K3: Coordinador de Mtto
J4: Autorizo: | K4: Gerente de Mtto
J5: Código
A6: CONSUMOS DE ACEITES
A8: Dia | B8: FECHA | C8: Tipo de Aceite | I8: Comentarios
C9: Hidraulico | D9: Trasmision | E9: Diferencial | F9: Motor | G9: Almo | H9: Anticongelante
A10: 1 | B10: 01 DE JULIO DEL 2026
A11: 2 | B11: 2 DE JULIO DEL 2026
A12: 3 | B12: 3 DE JULIO DEL 2026
A13: 4 | B13: 4 DE JULIO DEL 2026
A14: 5 | B14: 5 DE JULIO DEL 2026
A15: 6 | B15: 6 DE JULIO DEL 2026
A16: 7 | B16: 7 DE JULIO DEL 2026
A17: 8 | B17: 8 DE JULIO DEL 2026
A18: 9 | B18: 9 DE JULIO DEL 2026
A19: 10 | B19: 10 DE JULIO DEL 2026
A20: 11 | B20: 11 DE JULIO DEL 2026
A21: 12 | B21: 12 DE JULIO DEL 2026
A22: 13 | B22: 13 DE JULIO DEL 2026 | C22: 200 | I22: cambio de aceite y filtros hco en cambio de perforadora
A23: 14 | B23: 14 DE JULIO DEL 2026 | C23: 20
A24: 15 | B24: 15 DE JULIO DEL 2026 | C24: 60 | F24: 4
A25: 16 | B25: 16 DE JULIO DEL 2026
A26: 17 | B26: 17 DE JULIO DEL 2026 | C26: 60
A27: 18 | B27: 18 DE JULIO DEL 2026
A28: 19 | B28: 19 DE JULIO DEL 2026
A29: 20 | B29: 20 DE JULIO DEL 2026
A30: 21 | B30: 21 DE JULIO DEL 2026
A31: 22 | B31: 22 DE JULIO DEL 2026
A32: 23 | B32: 23 DE JULIO DEL 2026
A33: 24 | B33: 24 DE JULIO DEL 2026
A34: 25 | B34: 25 DE JULIO DEL 2026
A35: 26 | B35: 26 DE JULIO DEL 2026
A36: 27 | B36: 27 DE JULIO DEL 2026
A37: 28 | B37: 28 DE JULIO DEL 2026
A38: 29 | B38: 29 DE JULIO DEL 2026
... A40: 31 | B40: 31 DE JULIO DEL 2026
C41: =SUM(C10:C40) -> 340 | D41: =SUM(D10:D40) -> 0 | E41: =SUM(E10:E40) -> 0 | F41: =SUM(F10:F40) -> 4 | G41: =SUM(G10:G40) -> 0 | H41: =SUM(H10:H40) -> 0

Sheet RE009
A1: MGA CONTRATISTA MIINERA S.A DE C.V. | J1: Fecha: | K1: 46225
J2: Elaboró: | K2: Programador
J3: Revisó: | K3: Coordinador de Mtto
J4: Autorizo: | K4: Gerente de Mtto
J5: Código
A6: CONSUMOS DE ACEITES
A8: Dia | B8: FECHA | C8: Tipo de Aceite | I8: Comentarios
C9: Hidraulico | D9: Trasmision | E9: Diferencial | F9: Motor | G9: Almo | H9: Anticongelante
A10: 1 | B10: 01 DE JULIO DEL 2026
A11: 2 | B11: 2 DE JULIO DEL 2026
A12: 3 | B12: 3 DE JULIO DEL 2026
A13: 4 | B13: 4 DE JULIO DEL 2026 | C13: 10
A14: 5 | B14: 5 DE JULIO DEL 2026
A15: 6 | B15: 6 DE JULIO DEL 2026
A16: 7 | B16: 7 DE JULIO DEL 2026
A17: 8 | B17: 8 DE JULIO DEL 2026
A18: 9 | B18: 9 DE JULIO DEL 2026
A19: 10 | B19: 10 DE JULIO DEL 2026
A20: 11 | B20: 11 DE JULIO DEL 2026
A21: 12 | B21: 12 DE JULIO DEL 2026
A22: 13 | B22: 13 DE JULIO DEL 2026 | C22: 5
A23: 14 | B23: 14 DE JULIO DEL 2026
A24: 15 | B24: 15 DE JULIO DEL 2026
A25: 16 | B25: 16 DE JULIO DEL 2026 | C25: 5 | F25: 3 | H25: 2
A26: 17 | B26: 17 DE JULIO DEL 2026
A27: 18 | B27: 18 DE JULIO DEL 2026
A28: 19 | B28: 19 DE JULIO DEL 2026
A29: 20 | B29: 20 DE JULIO DEL 2026
A30: 21 | B30: 21 DE JULIO DEL 2026
A31: 22 | B31: 22 DE JULIO DEL 2026
A32: 23 | B32: 23 DE JULIO DEL 2026
A33: 24 | B33: 24 DE JULIO DEL 2026
A34: 25 | B34: 25 DE JULIO DEL 2026
A35: 26 | B35: 26 DE JULIO DEL 2026
A36: 27 | B36: 27 DE JULIO DEL 2026
A37: 28 | B37: 28 DE JULIO DEL 2026
... A40: 31 | B40: 31 DE JULIO DEL 2026
C41: =SUM(C10:C40) -> 20 | D41: =SUM(D10:D40) -> 0 | E41: =SUM(E10:E40) -> 0 | F41: =SUM(F10:F40) -> 3 | G41: =SUM(G10:G40) -> 0 | H41: =SUM(H10:H40) -> 2

Sheet RE010
A1: MGA CONTRATISTA MIINERA S.A DE C.V. | J1: Fecha: | K1: 46225
J2: Elaboró: | K2: Programador
J3: Revisó: | K3: Coordinador de Mtto
J4: Autorizo: | K4: Gerente de Mtto
J5: Código
A6: CONSUMOS DE ACEITES
A8: Dia | B8: FECHA | C8: Tipo de Aceite | I8: Comentarios
C9: Hidraulico | D9: Trasmision | E9: Diferencial | F9: Motor | G9: Almo | H9: Anticongelante
A10: 1 | B10: 01 DE JULIO DEL 2026
A11: 2 | B11: 2 DE JULIO DEL 2026
A12: 3 | B12: 3 DE JULIO DEL 2026
A13: 4 | B13: 4 DE JULIO DEL 2026
A14: 5 | B14: 5 DE JULIO DEL 2026
A15: 6 | B15: 6 DE JULIO DEL 2026 | F15: 4
A16: 7 | B16: 7 DE JULIO DEL 2026
A17: 8 | B17: 8 DE JULIO DEL 2026 | C17: 5
A18: 9 | B18: 9 DE JULIO DEL 2026
A19: 10 | B19: 10 DE JULIO DEL 2026
A20: 11 | B20: 11 DE JULIO DEL 2026 | F20: 3
A21: 12 | B21: 12 DE JULIO DEL 2026
A22: 13 | B22: 13 DE JULIO DEL 2026 | C22: 10
A23: 14 | B23: 14 DE JULIO DEL 2026
A24: 15 | B24: 15 DE JULIO DEL 2026
A25: 16 | B25: 16 DE JULIO DEL 2026
A26: 17 | B26: 17 DE JULIO DEL 2026
A27: 18 | B27: 18 DE JULIO DEL 2026
A28: 19 | B28: 19 DE JULIO DEL 2026
A29: 20 | B29: 20 DE JULIO DEL 2026
A30: 21 | B30: 21 DE JULIO DEL 2026
A31: 22 | B31: 22 DE JULIO DEL 2026
A32: 23 | B32: 23 DE JULIO DEL 2026
A33: 24 | B33: 24 DE JULIO DEL 2026
A34: 25 | B34: 25 DE JULIO DEL 2026
... A40: 31 | B40: 31 DE JULIO DEL 2026
C41: =SUM(C10:C40) -> 15 | D41: =SUM(D10:D40) -> 0 | E41: =SUM(E10:E40) -> 0 | F41: =SUM(F10:F40) -> 7 | G41: =SUM(G10:G40) -> 0 | H41: =SUM(H10:H40) -> 0

Sheet CBP001
A1: MGA CONTRATISTA MIINERA S.A DE C.V. | J1: Fecha: | K1: 46225
J2: Elaboró: | K2: Programador
J3: Revisó: | K3: Coordinador de Mtto
J4: Autorizo: | K4: Gerente de Mtto
J5: Código
A6: CONSUMOS DE ACEITES
A8: Dia | B8: FECHA | C8: Tipo de Aceite | I8: Comentarios
C9: Hidraulico | D9: Trasmision | E9: Diferencial | F9: Motor | G9: Almo | H9: Anticongelante
A10: 1 | B10: 01 DE JULIO DEL 2026
A11: 2 | B11: 2 DE JULIO DEL 2026
A12: 3 | B12: 3 DE JULIO DEL 2026
A13: 4 | B13: 4 DE JULIO DEL 2026
A14: 5 | B14: 5 DE JULIO DEL 2026
A15: 6 | B15: 6 DE JULIO DEL 2026
A16: 7 | B16: 7 DE JULIO DEL 2026
A17: 8 | B17: 8 DE JULIO DEL 2026
A18: 9 | B18: 9 DE JULIO DEL 2026
A19: 10 | B19: 10 DE JULIO DEL 2026
A20: 11 | B20: 11 DE JULIO DEL 2026
A21: 12 | B21: 12 DE JULIO DEL 2026
... A40: 31 | B40: 31 DE JULIO DEL 2026
C41: =SUM(C10:C40) -> 0 | D41: =SUM(D10:D40) -> 0 | E41: =SUM(E10:E40) -> 0 | F41: =SUM(F10:F40) -> 0 | G41: =SUM(G10:G40) -> 0 | H41: =SUM(H10:H40) -> 0

Sheet MG044
A1: MGA CONTRATISTA MIINERA S.A DE C.V. | J1: Fecha: | K1: 46225
J2: Elaboró: | K2: Programador
J3: Revisó: | K3: Coordinador de Mtto
J4: Autorizo: | K4: Gerente de Mtto
J5: Código
A6: CONSUMOS DE ACEITES
A8: Dia | B8: FECHA | C8: Tipo de Aceite | I8: Comentarios
C9: Hidraulico | D9: Trasmision | E9: Diferencial | F9: Motor | G9: Almo | H9: Anticongelante
A10: 1 | B10: 01 DE JULIO DEL 2026
A11: 2 | B11: 2 DE JULIO DEL 2026
A12: 3 | B12: 3 DE JULIO DEL 2026
A13: 4 | B13: 4 DE JULIO DEL 2026
A14: 5 | B14: 5 DE JULIO DEL 2026
A15: 6 | B15: 6 DE JULIO DEL 2026
A16: 7 | B16: 7 DE JULIO DEL 2026
A17: 8 | B17: 8 DE JULIO DEL 2026
A18: 9 | B18: 9 DE JULIO DEL 2026
A19: 10 | B19: 10 DE JULIO DEL 2026
A20: 11 | B20: 11 DE JULIO DEL 2026
A21: 12 | B21: 12 DE JULIO DEL 2026
... A40: 31 | B40: 31 DE JULIO DEL 2026
C41: =SUM(C10:C40) -> 0 | D41: =SUM(D10:D40) -> 0 | E41: =SUM(E10:E40) -> 0 | F41: =SUM(F10:F40) -> 0 | G41: =SUM(G10:G40) -> 0 | H41: =SUM(H10:H40) -> 0

Sheet MG54
A1: MGA CONTRATISTA MIINERA S.A DE C.V. | J1: Fecha: | K1: 46225
J2: Elaboró: | K2: Programador
J3: Revisó: | K3: Coordinador de Mtto
J4: Autorizo: | K4: Gerente de Mtto
J5: Código
A6: CONSUMOS DE ACEITES
A8: Dia | B8: FECHA | C8: Tipo de Aceite | I8: Comentarios
C9: Hidraulico | D9: Trasmision | E9: Diferencial | F9: Motor | G9: Almo | H9: Anticongelante
A10: 1 | B10: 01 DE JULIO DEL 2026
A11: 2 | B11: 2 DE JULIO DEL 2026
A12: 3 | B12: 3 DE JULIO DEL 2026
A13: 4 | B13: 4 DE JULIO DEL 2026
A14: 5 | B14: 5 DE JULIO DEL 2026
A15: 6 | B15: 6 DE JULIO DEL 2026
A16: 7 | B16: 7 DE JULIO DEL 2026
A17: 8 | B17: 8 DE JULIO DEL 2026
A18: 9 | B18: 9 DE JULIO DEL 2026
A19: 10 | B19: 10 DE JULIO DEL 2026
A20: 11 | B20: 11 DE JULIO DEL 2026
A21: 12 | B21: 12 DE JULIO DEL 2026
... A40: 31 | B40: 31 DE JULIO DEL 2026
C41: =SUM(C10:C40) -> 0 | D41: =SUM(D10:D40) -> 0 | E41: =SUM(E10:E40) -> 0 | F41: =SUM(F10:F40) -> 0 | G41: =SUM(G10:G40) -> 0 | H41: =SUM(H10:H40) -> 0

Sheet Totales
A1: MGA CONTRATISTA MIINERA S.A DE C.V. | F1: Fecha : | G1: 46225
F2: Elaboró: | G2: Programador
F3: Revisó: | G3: Coordinador Mtto
F4: Autorizó: | G4: Gerente de Mtto
F5: Código:
A6: TOTAL DE JULIO 01-22
A8: Equipos | B8: Aceite Hidraulico | C8: Aceite de Motor | D8: Aceite Almo | E8: Anticongelante | F8: Trasmision | G8: Aceite Diferencial
A9: ST-016 | B9: ='ST016'!C41 -> 20 | C9: ='ST016'!F41 -> 10 | D9: ='ST016'!G41 -> 0 | E9: ='ST016'!H41 -> 0 | F9: ='ST016'!D41 -> 0 | G9: ='ST016'!E41 -> 0
A10: ST-031 | B10: ='ST031'!C41 -> 190 | C10: ='ST031'!F41 -> 5 | D10: ='ST031'!G41 -> 0 | E10: ='ST031'!H41 -> 50 | F10: ='ST031'!D41 -> 0 | G10: ='ST016'!E41 -> 0
A11: ST-018 | B11: ='ST018'!C41 -> 160 | C11: ='ST018'!F41 -> 0 | D11: ='ST018'!G41 -> 0 | E11: ='ST018'!H41 -> 0 | F11: ='ST018'!D41 -> 0 | G11: ='ST018'!E41 -> 0
A12: ST-036 | B12: ='ST036'!C41 -> 250 | C12: ='ST036'!F41 -> 11 | D12: ='ST036'!G41 -> 0 | E12: ='ST036'!H41 -> 6 | F12: ='ST036'!D41 -> 0 | G12: ='ST036'!E41 -> 0
A13: ST-025 | B13: ='ST025'!C41 -> 415 | C13: ='ST025'!F41 -> 7 | D13: ='ST025'!G41 -> 0 | E13: ='ST025'!H41 -> 50 | F13: ='ST025'!D41 -> 60 | G13: ='ST025'!E41 -> 0
A14: JL-015 | B14: ='JL015'!C41 -> 740 | C14: ='JL015'!F41 -> 0 | D14: ='JL015'!G41 -> 0 | E14: ='JL015'!H41 -> 0 | F14: ='JL015'!D41 -> 0 | G14: ='JL015'!E41 -> 0
A15: JL-025 | B15: ='JL025'!C41 -> 20 | C15: ='JL025'!F41 -> 9 | D15: ='JL025'!G41 -> 0 | E15: ='JL025'!H41 -> 5 | F15: ='JL025'!D41 -> 0 | G15: ='JL025'!E41 -> 0
A16: JL-024 | B16: ='JL024'!C41 -> 40 | C16: ='JL024'!F41 -> 0 | D16: ='JL024'!G41 -> 0 | E16: ='JL024'!H41 -> 0 | F16: ='JL024'!D41 -> 0 | G16: ='JL024'!E41 -> 0
A17: JL-019 | B17: ='JL019'!C41 -> 0 | C17: ='JL019'!F41 -> 0 | D17: ='JL019'!G41 -> 0 | E17: ='JL019'!H41 -> 0 | F17: ='JL019'!D41 -> 0 | G17: ='JL019'!E41 -> 0
A18: JA-007 | B18: ='JA007'!C41 -> 340 | C18: ='JA007'!F41 -> 4 | D18: ='JA007'!G41 -> 0 | E18: ='JA007'!H41 -> 0 | F18: ='JA007'!D41 -> 0 | G18: ='JA007'!E41 -> 0
A19: JA-004 | B19: ='JA004'!C41 -> 80 | C19: ='JA004'!F41 -> 0 | D19: ='JA004'!G41 -> 0 | E19: ='JA004'!H41 -> 0 | F19: ='JA004'!D41 -> 0 | G19: ='JA004'!E41 -> 0
A20: RE-009 | B20: ='RE009'!C41 -> 20 | C20: ='RE009'!F41 -> 3 | D20: ='RE009'!G41 -> 0 | E20: ='RE009'!H41 -> 2 | F20: ='RE009'!D41 -> 0 | G20: ='RE009'!E41 -> 0
A21: RE-010 | B21: ='RE010'!C41 -> 15 | C21: ='RE010'!F41 -> 7 | D21: ='RE010'!G41 -> 0 | E21: ='RE010'!H41 -> 0 | F21: ='RE010'!D41 -> 0 | G21: ='RE010'!E41 -> 0
A22: MG044 | B22: ='MG044'!C41 -> 0 | C22: ='MG044'!F41 -> 0 | D22: ='MG044'!G41 -> 0 | E22: ='MG044'!H41 -> 0 | F22: ='MG044'!D41 -> 0 | G22: ='MG044'!E41 -> 0
A23: MG54 | B23: ='MG54'!C41 -> 0 | C23: ='MG54'!F41 -> 0 | D23: ='MG54'!G41 -> 0 | E23: ='MG54'!H41 -> 0 | F23: ='MG54'!D41 -> 0 | G23: ='MG54'!E41 -> 0
A24: CBP-001 | B24: ='CBP001'!C41 -> 0 | C24: ='CBP001'!F41 -> 0 | D24: ='CBP001'!G41 -> 0 | E24: ='CBP001'!H41 -> 0 | F24: ='CBP001'!D41 -> 0 | G24: ='CBP001'!E41 -> 0
A26: Totales | B26: =SUM(B10:B25) -> 2270 | C26: =SUM(C10:C25) -> 46 | D26: =SUM(D10:D25) -> 0 | E26: =SUM(E10:E25) -> 113 | F26: =SUM(F10:F25) -> 60 | G26: =SUM(G10:G25) -> 0
