Workbook

Sheet DIA 01
B1: FECHA | E1: MGA CONTRATISTA MINERA S.A. DE C.V. | O1: ENTRADA DE DIESEL | P1: EXISTENCIA INICIAL DE DIESEL (LTS) | Q1: EXISTENCIA FINAL DE DIESEL (LTS)
B2: DIA | C2: MES | D2: AÑO | O2: 2100 | P2: 13309 | Q2: =P2-O35 -> 11756
A4: NO. DE EQUIPO | B4: PRIMER TURNO | I4: SEGUNDO TURNO
B6: Horometro Inicial 1ra | C6: DIESEL | D6: Nombre Operador | E6: Nombre Despachador | F6: Nombre del supervisor | G6: Horometro Final 1ra | I6: Horometro Inicial 2da | J6: =C6 -> DIESEL | K6: =D6 -> Nombre Operador | L6: =E6 -> Nombre Despachador | M6: =F6 -> Nombre del supervisor | N6: Horometro final 2da | O6: CONSUMO X DIA | P6: HRS 1ra | Q6: HRS 2da
A7: ST-031 (EPIROC 1030) | B7: 4848 | C7: 133 | D7: RAUL | E7: CESAR | F7: JESUS | O7: =C7+J7 -> 133 | P7: =G7-B7 -> -4848 | Q7: =N7-I7 -> 0
A8: ST-025 (1600) | O8: =C8+J8 -> 0 | P8: =G8-B8 -> 0 | Q8: =N8-I8 -> 0
A9: ST-036 R1300 | B9: 3909 | C9: 164 | D9: JESUS | E9: CESAR | F9: JESUS | I9: 8916.8 | J9: 90 | K9: JUAN | L9: LUIS | M9: ROBERTO | O9: =C9+J9 -> 254 | P9: =G9-B9 -> -3909 | Q9: =N9-I9 -> -8916.8
A10: ST-018 | O10: =C10+J10 -> 0 | P10: =G10-B10 -> 0 | Q10: =N10-I10 -> 0
A11: ST-034 KOMATSU | O11: =C11+J11 -> 0 | P11: =G11-B11 -> 0 | Q11: =N11-I11 -> 0
A12: JL-015 (DD311) | C12: 44 | D12: WILFREDO | E12: CESAR | F12: JESUS | O12: =C12+J12 -> 44 | P12: =G12-B12 -> 0 | Q12: =N12-I12 -> 0
A13: JL-019 | O13: =C13+J13 -> 0 | P13: =G13-B13 -> 0 | Q13: =N13-I13 -> 0
A14: JL-024 CANNON | O14: =C14+J14 -> 0 | P14: =G14-B14 -> 0 | Q14: =N14-I14 -> 0
A15: JA-007 RESEMIN | B15: 738.7 | C15: 31 | D15: HILARIO | E15: CESAR | F15: JESUS | O15: =C15+J15 -> 31 | P15: =G15-B15 -> -738.7 | Q15: =N15-I15 -> 0
A16: JA-004 CANNON | O16: =C16+J16 -> 0 | P16: =G16-B16 -> 0 | Q16: =N16-I16 -> 0
A17: RE-009 (RETROEXCAVADORA) | O17: =C17+J17 -> 0 | P17: =G17-B17 -> 0 | Q17: =N17-I17 -> 0
A18: RE-010 (RETROEXCAVADORA) | B18: 2728 | C18: 111 | D18: MARTHAA | E18: CESAR | F18: JESUS | O18: =C18+J18 -> 111 | P18: =G18-B18 -> -2728 | Q18: =N18-I18 -> 0
A19: ZN | O19: =C19+J19 -> 0 | P19: =G19-B19 -> 0 | Q19: =N19-I19 -> 0
A20: CBP-001 (BAJO PERFIL) | O20: =C20+J20 -> 0 | P20: =G20-B20 -> 0 | Q20: =N20-I20 -> 0
A21: MG-105 | O21: =C21+J21 -> 0 | P21: =G21-B21 -> 0 | Q21: =N21-I21 -> 0
A22: MG-044 | O22: =C22+J22 -> 0 | P22: =G22-B22 -> 0 | Q22: =N22-I22 -> 0
A23: MG-085 (POLVORERA) | O23: =C23+J23 -> 0 | P23: =G23-B23 -> 0 | Q23: =N23-I23 -> 0
A24: MG-033 (PERSONAL) | O24: =C24+J24 -> 0 | P24: =G24-B24 -> 0 | Q24: =N24-I24 -> 0
A25: MG-113 | O25: =C25+J25 -> 0 | P25: =G25-B25 -> 0 | Q25: =N25-I25 -> 0
A26: MG-121 | O26: =C26+J26 -> 0 | P26: =G26-B26 -> 0 | Q26: =N26-I26 -> 0
A27: MG-086 | B27: 86234 | C27: 84 | D27: FRANCISCO | E27: CESAR | F27: JESUS | O27: =C27+J27 -> 84 | P27: =G27-B27 -> -86234 | Q27: =N27-I27 -> 0
A28: MG-111 | O28: =C28+J28 -> 0 | P28: =G28-B28 -> 0 | Q28: =N28-I28 -> 0
A29: MG-120 | O29: =C29+J29 -> 0 | P29: =G29-B29 -> 0 | Q29: =N29-I29 -> 0
A30: PROSERMIN | C30: 250 | J30: 254 | O30: =C30+J30 -> 504 | P30: =G30-B30 -> 0 | Q30: =N30-I30 -> 0
A31: ST-060 | O31: =C31+J31 -> 0 | P31: =G31-B31 -> 0 | Q31: =N31-I31 -> 0
A32: ST-53 | O32: =C32+J32 -> 0 | P32: =G32-B32 -> 0 | Q32: =N32-I32 -> 0
A33: ST-039 | B33: 9378 | C33: 246 | D33: CARLOS | E33: CESAR | F33: JESUS | I33: 9384 | J33: 146 | K33: MISAEL | L33: LUIS | M33: ROBERTO | O33: =C33+J33 -> 392 | P33: =G33-B33 -> -9378 | Q33: =N33-I33 -> -9384
A34: JL-025 | P34: =G34-B34 -> 0 | Q34: =N34-I34 -> 0
A35: TOTALES | C35: =SUM(C7:C34) -> 1063 | J35: =SUM(J7:J34) -> 490 | O35: =C35+J35 -> 1553
A38: NOMBRE Y FIRMA DE QUIEN AUTORIZA | G38: NOMBRE Y FIRMA DE ALMACEN | O38: ADMINISTRADOR
P40: 44237 | R40: 44244 | T40: 44251
O41: ACEITE | P41: TAMBO | Q41: LTS | R41: TAMBO | S41: LTS | T41: TAMBO | U41: LTS
O42: HIDRAULICO | P42: 3 | R42: 2 | S42: 140 | T42: 0 | U42: 155
O43: MOTOR | P43: 3 | Q43: 70 | R43: 2 | S43: 182 | T43: 2 | U43: 170
O44: DIFERENCIAL | P44: 1 | Q44: 137 | R44: 1 | S44: 137 | T44: 1 | U44: 160
O45: MAQ.PERF. | P45: 2 | Q45: 117 | R45: 2 | S45: 27 | T45: 1 | U45: 150
O46: DIFERENCIAL CAT | P46: 1 | Q46: 17 | R46: 1 | S46: 0 | T46: 0 | U46: 0
O47: HIDRAULICO CAT | P47: 1 | Q47: 36 | R47: 1 | S47: 0 | T47: 1 | U47: 77
O48: TRANSMICION | Q48: 76 | S48: 76 | T48: 1 | U48: 22.5
O49: ANTICONGELANTE | P49: 1 | Q49: 22 | R49: 1 | S49: 0 | T49: 0 | U49: 165.5
O50: GRASA | P50: 1 | Q50: 8 CUBETAS | R50: 0.5 | S50: 8CUBETAS | T50: 80 | U50: 9CUBETAS

Sheet DIA 02
B1: FECHA | E1: MGA CONTRATISTA MINERA S.A. DE C.V. | O1: ENTRADA DE DIESEL | P1: EXISTENCIA INICIAL DE DIESEL (LTS) | Q1: EXISTENCIA FINAL DE DIESEL (LTS)
B2: DIA | C2: MES | D2: AÑO | P2: ='DIA 01'!Q2+O2 -> 11756 | Q2: =P2-O35 -> 10038
A4: NO. DE EQUIPO | B4: PRIMER TURNO | I4: SEGUNDO TURNO
B6: Horometro Inicial 1ra | C6: DIESEL | D6: Nombre Operador | E6: Nombre Despachador | F6: Nombre del supervisor | G6: Horometro Final 1ra | I6: Horometro Inicial 2da | J6: =C6 -> DIESEL | K6: =D6 -> Nombre Operador | L6: =E6 -> Nombre Despachador | M6: =F6 -> Nombre del supervisor | N6: Horometro final 2da | O6: ='DIA 01'!O6 -> CONSUMO X DIA | P6: HRS 1ra | Q6: HRS 2da
A7: ='DIA 01'!A7 -> ST-031 (EPIROC 1030) | I7: 4855.1 | J7: 115 | K7: JUAN | L7: LUIS | M7: ROBERTO | O7: =C7+J7 -> 115 | P7: =G7-B7 -> 0 | Q7: =N7-I7 -> -4855.1
A8: ='DIA 01'!A8 -> ST-025 (1600) | O8: =C8+J8 -> 0 | P8: =G8-B8 -> 0 | Q8: =N8-I8 -> 0
A9: ='DIA 01'!A9 -> ST-036 R1300 | B9: 8926 | C9: 270 | D9: JESUS | E9: CESAR | F9: JESUS | J9: 90 | K9: JUAN | L9: LUIS | M9: ROBERTO | O9: =C9+J9 -> 360 | P9: =G9-B9 -> -8926 | Q9: =N9-I9 -> 0
A10: ='DIA 01'!A10 -> ST-018 | I10: 95795 | J10: 146 | K10: JUAN | L10: LUIS | M10: ROBERTO | O10: =C10+J10 -> 146 | P10: =G10-B10 -> 0 | Q10: =N10-I10 -> -95795
A11: ='DIA 01'!A11 -> ST-034 KOMATSU | O11: =C11+J11 -> 0 | P11: =G11-B11 -> 0 | Q11: =N11-I11 -> 0
A12: ='DIA 01'!A12 -> JL-015 (DD311) | O12: =C12+J12 -> 0 | P12: =G12-B12 -> 0 | Q12: =N12-I12 -> 0
A13: ='DIA 01'!A13 -> JL-019 | O13: =C13+J13 -> 0 | P13: =G13-B13 -> 0 | Q13: =N13-I13 -> 0
A14: ='DIA 01'!A14 -> JL-024 CANNON | O14: =C14+J14 -> 0 | P14: =G14-B14 -> 0 | Q14: =N14-I14 -> 0
A15: ='DIA 01'!A15 -> JA-007 RESEMIN | O15: =C15+J15 -> 0 | P15: =G15-B15 -> 0 | Q15: =N15-I15 -> 0
A16: ='DIA 01'!A16 -> JA-004 CANNON | O16: =C16+J16 -> 0 | P16: =G16-B16 -> 0 | Q16: =N16-I16 -> 0
A17: ='DIA 01'!A17 -> RE-009 (RETROEXCAVADORA) | B17: 6580.5 | C17: 63 | D17: ADRIAN | E17: CESAR | F17: JESUS | O17: =C17+J17 -> 63 | P17: =G17-B17 -> -6580.5 | Q17: =N17-I17 -> 0
A18: ='DIA 01'!A18 -> RE-010 (RETROEXCAVADORA) | O18: =C18+J18 -> 0 | P18: =G18-B18 -> 0 | Q18: =N18-I18 -> 0
A19: ='DIA 01'!A19 -> ZN | O19: =C19+J19 -> 0 | P19: =G19-B19 -> 0 | Q19: =N19-I19 -> 0
A20: ='DIA 01'!A20 -> CBP-001 (BAJO PERFIL) | O20: =C20+J20 -> 0 | P20: =G20-B20 -> 0 | Q20: =N20-I20 -> 0
A21: ='DIA 01'!A21 -> MG-105 | O21: =C21+J21 -> 0 | P21: =G21-B21 -> 0 | Q21: =N21-I21 -> 0
A22: ='DIA 01'!A22 -> MG-044 | I22: 510466 | J22: 76 | K22: MIGUEL | L22: LUIS | M22: ROBERTO | O22: =C22+J22 -> 76 | P22: =G22-B22 -> 0 | Q22: =N22-I22 -> -510466
A23: ='DIA 01'!A23 -> MG-085 (POLVORERA) | O23: =C23+J23 -> 0 | P23: =G23-B23 -> 0 | Q23: =N23-I23 -> 0
A24: ='DIA 01'!A24 -> MG-033 (PERSONAL) | O24: =C24+J24 -> 0 | P24: =G24-B24 -> 0 | Q24: =N24-I24 -> 0
A25: ='DIA 01'!A25 -> MG-113 | O25: =C25+J25 -> 0 | P25: =G25-B25 -> 0 | Q25: =N25-I25 -> 0
A26: ='DIA 01'!A26 -> MG-121 | O26: =C26+J26 -> 0 | P26: =G26-B26 -> 0 | Q26: =N26-I26 -> 0
A27: ='DIA 01'!A27 -> MG-086 | O27: =C27+J27 -> 0 | P27: =G27-B27 -> 0 | Q27: =N27-I27 -> 0
A28: ='DIA 01'!A28 -> MG-111 | O28: =C28+J28 -> 0 | P28: =G28-B28 -> 0 | Q28: =N28-I28 -> 0
A29: ='DIA 01'!A29 -> MG-120 | O29: =C29+J29 -> 0 | P29: =G29-B29 -> 0 | Q29: =N29-I29 -> 0
A30: ='DIA 01'!A30 -> PROSERMIN | C30: 260 | J30: 286 | O30: =C30+J30 -> 546 | P30: =G30-B30 -> 0 | Q30: =N30-I30 -> 0
A31: ='DIA 01'!A31 -> ST-060 | O31: =C31+J31 -> 0 | P31: =G31-B31 -> 0 | Q31: =N31-I31 -> 0
A32: ='DIA 01'!A32 -> ST-53 | O32: =C32+J32 -> 0 | P32: =G32-B32 -> 0 | Q32: =N32-I32 -> 0
A33: ='DIA 01'!A33 -> ST-039 | B33: 9393.2 | C33: 217 | D33: CARLOS | E33: CESAR | F33: JESUS | I33: 9404 | J33: 195 | K33: MISAEL | L33: LUIS | M33: ROBERTO | O33: =C33+J33 -> 412 | P33: =G33-B33 -> -9393.2 | Q33: =N33-I33 -> -9404
A34: ='DIA 01'!A34 -> JL-025 | O34: =C34+J34 -> 0 | P34: =G34-B34 -> 0 | Q34: =N34-I34 -> 0
A35: TOTALES | C35: =SUM(C7:C34) -> 810 | J35: =SUM(J7:J34) -> 908 | O35: =C35+J35 -> 1718
A43: NOMBRE Y FIRMA DE QUIEN AUTORIZA | G43: NOMBRE Y FIRMA DE ALMACEN | O43: ADMINISTRADOR
P45: 44237 | R45: 44244 | T45: 44251
O46: ACEITE | P46: TAMBO | Q46: LTS | R46: TAMBO | S46: LTS | T46: TAMBO | U46: LTS
O47: HIDRAULICO | P47: 3 | R47: 2 | S47: 140 | T47: 0 | U47: 155
O48: MOTOR | P48: 3 | Q48: 70 | R48: 2 | S48: 182 | T48: 2 | U48: 170
O49: DIFERENCIAL | P49: 1 | Q49: 137 | R49: 1 | S49: 137 | T49: 1 | U49: 160
O50: MAQ.PERF. | P50: 2 | Q50: 117 | R50: 2 | S50: 27 | T50: 1 | U50: 150
O51: DIFERENCIAL CAT | P51: 1 | Q51: 17 | R51: 1 | S51: 0 | T51: 0 | U51: 0
O52: HIDRAULICO CAT | P52: 1 | Q52: 36 | R52: 1 | S52: 0 | T52: 1 | U52: 77
O53: TRANSMICION | Q53: 76 | S53: 76 | T53: 1 | U53: 22.5
O54: ANTICONGELANTE | P54: 1 | Q54: 22 | R54: 1 | S54: 0 | T54: 0 | U54: 165.5
O55: GRASA | P55: 1 | Q55: 8 CUBETAS | R55: 0.5 | S55: 8CUBETAS | T55: 80 | U55: 9CUBETAS

Sheet DIA 03
B1: FECHA | E1: MGA CONTRATISTA MINERA S.A. DE C.V. | O1: ENTRADA DE DIESEL | P1: EXISTENCIA INICIAL DE DIESEL (LTS) | Q1: EXISTENCIA FINAL DE DIESEL (LTS)
B2: DIA | C2: MES | D2: AÑO | O2: 2137 | P2: ='DIA 02'!Q2+O2 -> 12175 | Q2: =P2-O35 -> 10367
A4: NO. DE EQUIPO | B4: PRIMER TURNO | I4: SEGUNDO TURNO
B6: Horometro Inicial 1ra | C6: DIESEL | D6: Nombre Operador | E6: Nombre Despachador | F6: Nombre del supervisor | G6: Horometro Final 1ra | I6: Horometro Inicial 2da | J6: =C6 -> DIESEL | K6: =D6 -> Nombre Operador | L6: =E6 -> Nombre Despachador | M6: =F6 -> Nombre del supervisor | N6: Horometro final 2da | O6: ='DIA 02'!O6 -> CONSUMO X DIA | P6: HRS 1ra | Q6: HRS 2da
A7: ='DIA 02'!A7 -> ST-031 (EPIROC 1030) | O7: =C7+J7 -> 0 | P7: =G7-B7 -> 0 | Q7: =N7-I7 -> 0
A8: ='DIA 02'!A8 -> ST-025 (1600) | O8: =C8+J8 -> 0 | P8: =G8-B8 -> 0 | Q8: =N8-I8 -> 0
A9: ='DIA 02'!A9 -> ST-036 R1300 | B9: 8941.6 | C9: 198 | D9: JESUS | E9: CESAR | F9: JESUS | I9: 89499 | J9: 345 | K9: JUAN | L9: LUIS | M9: ROBERTO | O9: =C9+J9 -> 543 | P9: =G9-B9 -> -8941.6 | Q9: =N9-I9 -> -89499
A10: ='DIA 02'!A10 -> ST-018 | I10: 9587 | J10: 182 | K10: MISAEL | L10: LUIS | M10: ROBERTO | O10: =C10+J10 -> 182 | P10: =G10-B10 -> 0 | Q10: =N10-I10 -> -9587
A11: ='DIA 02'!A11 -> ST-034 KOMATSU | O11: =C11+J11 -> 0 | P11: =G11-B11 -> 0 | Q11: =N11-I11 -> 0
A12: ='DIA 02'!A12 -> JL-015 (DD311) | O12: =C12+J12 -> 0 | P12: =G12-B12 -> 0 | Q12: =N12-I12 -> 0
A13: ='DIA 02'!A13 -> JL-019 | O13: =C13+J13 -> 0 | P13: =G13-B13 -> 0 | Q13: =N13-I13 -> 0
A14: ='DIA 02'!A14 -> JL-024 CANNON | O14: =C14+J14 -> 0 | P14: =G14-B14 -> 0 | Q14: =N14-I14 -> 0
A15: ='DIA 02'!A15 -> JA-007 RESEMIN | B15: 745.7 | C15: 30 | D15: HILARIO | E15: CESARR | F15: JESUS | O15: =C15+J15 -> 30 | P15: =G15-B15 -> -745.7 | Q15: =N15-I15 -> 0
A16: ='DIA 02'!A16 -> JA-004 CANNON | O16: =C16+J16 -> 0 | P16: =G16-B16 -> 0 | Q16: =N16-I16 -> 0
A17: ='DIA 02'!A17 -> RE-009 (RETROEXCAVADORA) | O17: =C17+J17 -> 0 | P17: =G17-B17 -> 0 | Q17: =N17-I17 -> 0
A18: ='DIA 02'!A18 -> RE-010 (RETROEXCAVADORA) | I18: 6599.5 | J18: 93 | K18: FELIX | L18: LUIS | M18: ROBERTO | O18: =C18+J18 -> 93 | P18: =G18-B18 -> 0 | Q18: =N18-I18 -> -6599.5
A19: ='DIA 02'!A19 -> ZN | O19: =C19+J19 -> 0 | P19: =G19-B19 -> 0 | Q19: =N19-I19 -> 0
A20: ='DIA 02'!A20 -> CBP-001 (BAJO PERFIL) | O20: =C20+J20 -> 0 | P20: =G20-B20 -> 0 | Q20: =N20-I20 -> 0
A21: ='DIA 02'!A21 -> MG-105 | O21: =C21+J21 -> 0 | P21: =G21-B21 -> 0 | Q21: =N21-I21 -> 0
A22: ='DIA 02'!A22 -> MG-044 | O22: =C22+J22 -> 0 | P22: =G22-B22 -> 0 | Q22: =N22-I22 -> 0
A23: ='DIA 02'!A23 -> MG-085 (POLVORERA) | O23: =C23+J23 -> 0 | P23: =G23-B23 -> 0 | Q23: =N23-I23 -> 0
A24: ='DIA 02'!A24 -> MG-033 (PERSONAL) | O24: =C24+J24 -> 0 | P24: =G24-B24 -> 0 | Q24: =N24-I24 -> 0
A25: ='DIA 02'!A25 -> MG-113 | O25: =C25+J25 -> 0 | P25: =G25-B25 -> 0 | Q25: =N25-I25 -> 0
A26: ='DIA 02'!A26 -> MG-121 | B26: 24878 | C26: 62 | D26: REYNALDO | E26: CESAR | O26: =C26+J26 -> 62 | P26: =G26-B26 -> -24878 | Q26: =N26-I26 -> 0
A27: ='DIA 02'!A27 -> MG-086 | O27: =C27+J27 -> 0 | P27: =G27-B27 -> 0 | Q27: =N27-I27 -> 0
A28: ='DIA 02'!A28 -> MG-111 | O28: =C28+J28 -> 0 | P28: =G28-B28 -> 0 | Q28: =N28-I28 -> 0
A29: ='DIA 02'!A29 -> MG-120 | O29: =C29+J29 -> 0 | P29: =G29-B29 -> 0 | Q29: =N29-I29 -> 0
A30: ='DIA 02'!A30 -> PROSERMIN | C30: 141 | J30: 236 | O30: =C30+J30 -> 377 | P30: =G30-B30 -> 0 | Q30: =N30-I30 -> 0
A31: ='DIA 02'!A31 -> ST-060 | O31: =C31+J31 -> 0 | P31: =G31-B31 -> 0 | Q31: =N31-I31 -> 0
A32: ='DIA 02'!A32 -> ST-53 | O32: =C32+J32 -> 0 | P32: =G32-B32 -> 0 | Q32: =N32-I32 -> 0
A33: ='DIA 02'!A33 -> ST-039 | B33: 9410.1 | C33: 251 | D33: CARLOS | E33: CESAR | F33: JESUS | I33: 9418 | J33: 223 | K33: MISAEL | L33: LUIS | M33: ROBERTO | O33: =C33+J33 -> 474 | P33: =G33-B33 -> -9410.1 | Q33: =N33-I33 -> -9418
A34: ='DIA 02'!A34 -> JL-025 | I34: 4161 | J34: 47 | K34: LEONEL | L34: LUIS | M34: ROBERTO | O34: =C34+J34 -> 47 | P34: =G34-B34 -> 0 | Q34: =N34-I34 -> -4161
A35: TOTALES | C35: =SUM(C7:C34) -> 682 | J35: =SUM(J7:J34) -> 1126 | O35: =C35+J35 -> 1808
A43: NOMBRE Y FIRMA DE QUIEN AUTORIZA | G43: NOMBRE Y FIRMA DE ALMACEN | O43: ADMINISTRADOR
P45: 44237 | R45: 44244 | T45: 44251
O46: ACEITE | P46: TAMBO | Q46: LTS | R46: TAMBO | S46: LTS | T46: TAMBO | U46: LTS
O47: HIDRAULICO | P47: 3 | R47: 2 | S47: 140 | T47: 0 | U47: 155
O48: MOTOR | P48: 3 | Q48: 70 | R48: 2 | S48: 182 | T48: 2 | U48: 170
O49: DIFERENCIAL | P49: 1 | Q49: 137 | R49: 1 | S49: 137 | T49: 1 | U49: 160
O50: MAQ.PERF. | P50: 2 | Q50: 117 | R50: 2 | S50: 27 | T50: 1 | U50: 150
O51: DIFERENCIAL CAT | P51: 1 | Q51: 17 | R51: 1 | S51: 0 | T51: 0 | U51: 0
O52: HIDRAULICO CAT | P52: 1 | Q52: 36 | R52: 1 | S52: 0 | T52: 1 | U52: 77
O53: TRANSMICION | Q53: 76 | S53: 76 | T53: 1 | U53: 22.5
O54: ANTICONGELANTE | P54: 1 | Q54: 22 | R54: 1 | S54: 0 | T54: 0 | U54: 165.5
O55: GRASA | P55: 1 | Q55: 8 CUBETAS | R55: 0.5 | S55: 8CUBETAS | T55: 80 | U55: 9CUBETAS

Sheet DIA 04
B1: FECHA | E1: MGA CONTRATISTA MINERA S.A. DE C.V. | O1: ENTRADA DE DIESEL | P1: EXISTENCIA INICIAL DE DIESEL (LTS) | Q1: EXISTENCIA FINAL DE DIESEL (LTS)
B2: DIA | C2: MES | D2: AÑO | P2: ='DIA 03'!Q2+O2 -> 10367 | Q2: =P2-O35 -> 9086
A4: NO. DE EQUIPO | B4: PRIMER TURNO | I4: SEGUNDO TURNO
B6: Horometro Inicial 1ra | C6: DIESEL | D6: Nombre Operador | E6: Nombre Despachador | F6: Nombre del supervisor | G6: Horometro Final 1ra | I6: Horometro Inicial 2da | J6: =C6 -> DIESEL | K6: =D6 -> Nombre Operador | L6: =E6 -> Nombre Despachador | M6: =F6 -> Nombre del supervisor | N6: Horometro final 2da | O6: ='DIA 03'!O6 -> CONSUMO X DIA | P6: HRS 1ra | Q6: HRS 2da
A7: ='DIA 03'!A7 -> ST-031 (EPIROC 1030) | O7: =C7+J7 -> 0 | P7: =G7-B7 -> 0 | Q7: =N7-I7 -> 0
A8: ='DIA 03'!A8 -> ST-025 (1600) | O8: =C8+J8 -> 0 | P8: =G8-B8 -> 0 | Q8: =N8-I8 -> 0
A9: ='DIA 03'!A9 -> ST-036 R1300 | B9: 8960.6 | C9: 47 | D9: JESUS | E9: CESAR | F9: JESUS | I9: 89670 | J9: 128 | K9: JUAN | L9: LUIS | M9: ROBERTO | O9: =C9+J9 -> 175 | P9: =G9-B9 -> -8960.6 | Q9: =N9-I9 -> -89670
A10: ='DIA 03'!A10 -> ST-018 | B10: 9592 | C10: 168 | D10: RAUL | E10: CESAR | F10: JESUS | I10: 8599.9 | J10: 100 | K10: JUAN | L10: LUIS | M10: ROBERTO | O10: =C10+J10 -> 268 | P10: =G10-B10 -> -9592 | Q10: =N10-I10 -> -8599.9
A11: ='DIA 03'!A11 -> ST-034 KOMATSU | O11: =C11+J11 -> 0 | P11: =G11-B11 -> 0 | Q11: =N11-I11 -> 0
A12: ='DIA 03'!A12 -> JL-015 (DD311) | C12: 43 | D12: WIFREDO | E12: CESAR | F12: JESUS | O12: =C12+J12 -> 43 | P12: =G12-B12 -> 0 | Q12: =N12-I12 -> 0
A13: ='DIA 03'!A13 -> JL-019 | O13: =C13+J13 -> 0 | P13: =G13-B13 -> 0 | Q13: =N13-I13 -> 0
A14: ='DIA 03'!A14 -> JL-024 CANNON | O14: =C14+J14 -> 0 | P14: =G14-B14 -> 0 | Q14: =N14-I14 -> 0
A15: ='DIA 03'!A15 -> JA-007 RESEMIN | I15: 750.9 | J15: 30 | K15: CARLOS | L15: LUIS | M15: ROBERTO | O15: =C15+J15 -> 30 | P15: =G15-B15 -> 0 | Q15: =N15-I15 -> -750.9
A16: ='DIA 03'!A16 -> JA-004 CANNON | O16: =C16+J16 -> 0 | P16: =G16-B16 -> 0 | Q16: =N16-I16 -> 0
A17: ='DIA 03'!A17 -> RE-009 (RETROEXCAVADORA) | B17: 2759.6 | C17: 98 | D17: MARTIN | E17: CESAR | F17: JESUS | O17: =C17+J17 -> 98 | P17: =G17-B17 -> -2759.6 | Q17: =N17-I17 -> 0
A18: ='DIA 03'!A18 -> RE-010 (RETROEXCAVADORA) | O18: =C18+J18 -> 0 | P18: =G18-B18 -> 0 | Q18: =N18-I18 -> 0
A19: ='DIA 03'!A19 -> ZN | O19: =C19+J19 -> 0 | P19: =G19-B19 -> 0 | Q19: =N19-I19 -> 0
A20: ='DIA 03'!A20 -> CBP-001 (BAJO PERFIL) | O20: =C20+J20 -> 0 | P20: =G20-B20 -> 0 | Q20: =N20-I20 -> 0
A21: ='DIA 03'!A21 -> MG-105 | O21: =C21+J21 -> 0 | P21: =G21-B21 -> 0 | Q21: =N21-I21 -> 0
A22: ='DIA 03'!A22 -> MG-044 | J22: 102 | K22: MIGUEL | L22: LUIS | M22: ROBERTO | O22: =C22+J22 -> 102 | P22: =G22-B22 -> 0 | Q22: =N22-I22 -> 0
A23: ='DIA 03'!A23 -> MG-085 (POLVORERA) | O23: =C23+J23 -> 0 | P23: =G23-B23 -> 0 | Q23: =N23-I23 -> 0
A24: ='DIA 03'!A24 -> MG-033 (PERSONAL) | B24: 71434 | C24: 40 | D24: PAYAN | E24: CESAR | F24: JESUS | O24: =C24+J24 -> 40 | P24: =G24-B24 -> -71434 | Q24: =N24-I24 -> 0
A25: ='DIA 03'!A25 -> MG-113 | O25: =C25+J25 -> 0 | P25: =G25-B25 -> 0 | Q25: =N25-I25 -> 0
A26: ='DIA 03'!A26 -> MG-121 | B26: 25366 | C26: 52 | D26: PAYAN | E26: CESAR | F26: JESUS | O26: =C26+J26 -> 52 | P26: =G26-B26 -> -25366 | Q26: =N26-I26 -> 0
A27: ='DIA 03'!A27 -> MG-086 | O27: =C27+J27 -> 0 | P27: =G27-B27 -> 0 | Q27: =N27-I27 -> 0
A28: ='DIA 03'!A28 -> MG-111 | O28: =C28+J28 -> 0 | P28: =G28-B28 -> 0 | Q28: =N28-I28 -> 0
A29: ='DIA 03'!A29 -> MG-120 | O29: =C29+J29 -> 0 | P29: =G29-B29 -> 0 | Q29: =N29-I29 -> 0
A30: ='DIA 03'!A30 -> PROSERMIN | C30: 247 | J30: 138 | O30: =C30+J30 -> 385 | P30: =G30-B30 -> 0 | Q30: =N30-I30 -> 0
A31: ='DIA 03'!A31 -> ST-060 | O31: =C31+J31 -> 0 | P31: =G31-B31 -> 0 | Q31: =N31-I31 -> 0
A32: ='DIA 03'!A32 -> ST-53 | O32: =C32+J32 -> 0 | P32: =G32-B32 -> 0 | Q32: =N32-I32 -> 0
A33: ='DIA 03'!A33 -> ST-039 | B33: 9421 | C33: 88 | D33: CARLOS | E33: CESAR | F33: JESUS | O33: =C33+J33 -> 88 | P33: =G33-B33 -> -9421 | Q33: =N33-I33 -> 0
A34: ='DIA 03'!A34 -> JL-025 | O34: =C34+J34 -> 0 | P34: =G34-B34 -> 0 | Q34: =N34-I34 -> 0
A35: TOTALES | C35: =SUM(C7:C34) -> 783 | J35: =SUM(J7:J34) -> 498 | O35: =C35+J35 -> 1281
A43: NOMBRE Y FIRMA DE QUIEN AUTORIZA | G43: NOMBRE Y FIRMA DE ALMACEN | O43: ADMINISTRADOR
P45: 44237 | R45: 44244 | T45: 44251
O46: ACEITE | P46: TAMBO | Q46: LTS | R46: TAMBO | S46: LTS | T46: TAMBO | U46: LTS
O47: HIDRAULICO | P47: 3 | R47: 2 | S47: 140 | T47: 0 | U47: 155
O48: MOTOR | P48: 3 | Q48: 70 | R48: 2 | S48: 182 | T48: 2 | U48: 170
O49: DIFERENCIAL | P49: 1 | Q49: 137 | R49: 1 | S49: 137 | T49: 1 | U49: 160
O50: MAQ.PERF. | P50: 2 | Q50: 117 | R50: 2 | S50: 27 | T50: 1 | U50: 150
O51: DIFERENCIAL CAT | P51: 1 | Q51: 17 | R51: 1 | S51: 0 | T51: 0 | U51: 0
O52: HIDRAULICO CAT | P52: 1 | Q52: 36 | R52: 1 | S52: 0 | T52: 1 | U52: 77
O53: TRANSMICION | Q53: 76 | S53: 76 | T53: 1 | U53: 22.5
O54: ANTICONGELANTE | P54: 1 | Q54: 22 | R54: 1 | S54: 0 | T54: 0 | U54: 165.5
O55: GRASA | P55: 1 | Q55: 8 CUBETAS | R55: 0.5 | S55: 8CUBETAS | T55: 80 | U55: 9CUBETAS

Sheet DIA 05
B1: FECHA | E1: MGA CONTRATISTA MINERA S.A. DE C.V. | O1: ENTRADA DE DIESEL | P1: EXISTENCIA INICIAL DE DIESEL (LTS) | Q1: EXISTENCIA FINAL DE DIESEL (LTS)
B2: DIA | C2: MES | D2: AÑO | P2: ='DIA 04'!Q2+O2 -> 9086 | Q2: =P2-O35 -> 7903
A4: NO. DE EQUIPO | B4: PRIMER TURNO | I4: SEGUNDO TURNO
B6: Horometro Inicial 1ra | C6: DIESEL | D6: Nombre Operador | E6: Nombre Despachador | F6: Nombre del supervisor | G6: Horometro Final 1ra | I6: Horometro Inicial 2da | J6: =C6 -> DIESEL | K6: =D6 -> Nombre Operador | L6: =E6 -> Nombre Despachador | M6: =F6 -> Nombre del supervisor | N6: Horometro final 2da | O6: ='DIA 04'!O6 -> CONSUMO X DIA | P6: HRS 1ra | Q6: HRS 2da
A7: ='DIA 04'!A7 -> ST-031 (EPIROC 1030) | O7: =C7+J7 -> 0 | P7: =G7-B7 -> 0 | Q7: =N7-I7 -> 0
A8: ='DIA 04'!A8 -> ST-025 (1600) | O8: =C8+J8 -> 0 | P8: =G8-B8 -> 0 | Q8: =N8-I8 -> 0
A9: ='DIA 04'!A9 -> ST-036 R1300 | B9: 8971.8 | C9: 153 | D9: JESUS | E9: CESAR | F9: JESUS | I9: 8980 | J9: 94 | K9: JUAN | L9: LUIS | M9: ROBERTO | O9: =C9+J9 -> 247 | P9: =G9-B9 -> -8971.8 | Q9: =N9-I9 -> -8980
A10: ='DIA 04'!A10 -> ST-018 | O10: =C10+J10 -> 0 | P10: =G10-B10 -> 0 | Q10: =N10-I10 -> 0
A11: ='DIA 04'!A11 -> ST-034 KOMATSU | O11: =C11+J11 -> 0 | P11: =G11-B11 -> 0 | Q11: =N11-I11 -> 0
A12: ='DIA 04'!A12 -> JL-015 (DD311) | O12: =C12+J12 -> 0 | P12: =G12-B12 -> 0 | Q12: =N12-I12 -> 0
A13: ='DIA 04'!A13 -> JL-019 | O13: =C13+J13 -> 0 | P13: =G13-B13 -> 0 | Q13: =N13-I13 -> 0
A14: ='DIA 04'!A14 -> JL-024 CANNON | O14: =C14+J14 -> 0 | P14: =G14-B14 -> 0 | Q14: =N14-I14 -> 0
A15: ='DIA 04'!A15 -> JA-007 RESEMIN | O15: =C15+J15 -> 0 | P15: =G15-B15 -> 0 | Q15: =N15-I15 -> 0
A16: ='DIA 04'!A16 -> JA-004 CANNON | O16: =C16+J16 -> 0 | P16: =G16-B16 -> 0 | Q16: =N16-I16 -> 0
A17: ='DIA 04'!A17 -> RE-009 (RETROEXCAVADORA) | I17: 6628.4 | J17: 91 | K17: FRANCISCO | L17: LUIS | M17: ROBERTO | O17: =C17+J17 -> 91 | P17: =G17-B17 -> 0 | Q17: =N17-I17 -> -6628.4
A18: ='DIA 04'!A18 -> RE-010 (RETROEXCAVADORA) | O18: =C18+J18 -> 0 | P18: =G18-B18 -> 0 | Q18: =N18-I18 -> 0
A19: ='DIA 04'!A19 -> ZN | O19: =C19+J19 -> 0 | P19: =G19-B19 -> 0 | Q19: =N19-I19 -> 0
A20: ='DIA 04'!A20 -> CBP-001 (BAJO PERFIL) | O20: =C20+J20 -> 0 | P20: =G20-B20 -> 0 | Q20: =N20-I20 -> 0
A21: ='DIA 04'!A21 -> MG-105 | O21: =C21+J21 -> 0 | P21: =G21-B21 -> 0 | Q21: =N21-I21 -> 0
A22: ='DIA 04'!A22 -> MG-044 | O22: =C22+J22 -> 0 | P22: =G22-B22 -> 0 | Q22: =N22-I22 -> 0
A23: ='DIA 04'!A23 -> MG-085 (POLVORERA) | O23: =C23+J23 -> 0 | P23: =G23-B23 -> 0 | Q23: =N23-I23 -> 0
A24: ='DIA 04'!A24 -> MG-033 (PERSONAL) | O24: =C24+J24 -> 0 | P24: =G24-B24 -> 0 | Q24: =N24-I24 -> 0
A25: ='DIA 04'!A25 -> MG-113 | O25: =C25+J25 -> 0 | P25: =G25-B25 -> 0 | Q25: =N25-I25 -> 0
A26: ='DIA 04'!A26 -> MG-121 | B26: 25397 | C26: 5 | D26: REYNALDO | O26: =C26+J26 -> 5 | P26: =G26-B26 -> -25397 | Q26: =N26-I26 -> 0
A27: ='DIA 04'!A27 -> MG-086 | O27: =C27+J27 -> 0 | P27: =G27-B27 -> 0 | Q27: =N27-I27 -> 0
A28: ='DIA 04'!A28 -> MG-111 | O28: =C28+J28 -> 0 | P28: =G28-B28 -> 0 | Q28: =N28-I28 -> 0
A29: ='DIA 04'!A29 -> MG-120 | O29: =C29+J29 -> 0 | P29: =G29-B29 -> 0 | Q29: =N29-I29 -> 0
A30: ='DIA 04'!A30 -> PROSERMIN | C30: 270 | J30: 290 | O30: =C30+J30 -> 560 | P30: =G30-B30 -> 0 | Q30: =N30-I30 -> 0
A31: ='DIA 04'!A31 -> ST-060 | O31: =C31+J31 -> 0 | P31: =G31-B31 -> 0 | Q31: =N31-I31 -> 0
A32: ='DIA 04'!A32 -> ST-53 | O32: =C32+J32 -> 0 | P32: =G32-B32 -> 0 | Q32: =N32-I32 -> 0
A33: ='DIA 04'!A33 -> ST-039 | B33: 960418 | C33: 146 | D33: RAUL | E33: CESAR | F33: JESUS | I33: 9609 | J33: 134 | K33: MISAEL | L33: LUIS | M33: ROBERTO | O33: =C33+J33 -> 280 | P33: =G33-B33 -> -960418 | Q33: =N33-I33 -> -9609
A34: ='DIA 04'!A34 -> JL-025 | O34: =C34+J34 -> 0 | P34: =G34-B34 -> 0 | Q34: =N34-I34 -> 0
A35: TOTALES | C35: =SUM(C7:C34) -> 574 | J35: =SUM(J7:J34) -> 609 | O35: =C35+J35 -> 1183
A43: NOMBRE Y FIRMA DE QUIEN AUTORIZA | G43: NOMBRE Y FIRMA DE ALMACEN | O43: ADMINISTRADOR
P45: 44237 | R45: 44244 | T45: 44251
O46: ACEITE | P46: TAMBO | Q46: LTS | R46: TAMBO | S46: LTS | T46: TAMBO | U46: LTS
O47: HIDRAULICO | P47: 3 | R47: 2 | S47: 140 | T47: 0 | U47: 155
O48: MOTOR | P48: 3 | Q48: 70 | R48: 2 | S48: 182 | T48: 2 | U48: 170
O49: DIFERENCIAL | P49: 1 | Q49: 137 | R49: 1 | S49: 137 | T49: 1 | U49: 160
O50: MAQ.PERF. | P50: 2 | Q50: 117 | R50: 2 | S50: 27 | T50: 1 | U50: 150
O51: DIFERENCIAL CAT | P51: 1 | Q51: 17 | R51: 1 | S51: 0 | T51: 0 | U51: 0
O52: HIDRAULICO CAT | P52: 1 | Q52: 36 | R52: 1 | S52: 0 | T52: 1 | U52: 77
O53: TRANSMICION | Q53: 76 | S53: 76 | T53: 1 | U53: 22.5
O54: ANTICONGELANTE | P54: 1 | Q54: 22 | R54: 1 | S54: 0 | T54: 0 | U54: 165.5
O55: GRASA | P55: 1 | Q55: 8 CUBETAS | R55: 0.5 | S55: 8CUBETAS | T55: 80 | U55: 9CUBETAS

Sheet DIA 06
B1: FECHA | E1: MGA CONTRATISTA MINERA S.A. DE C.V. | O1: ENTRADA DE DIESEL | P1: EXISTENCIA INICIAL DE DIESEL (LTS) | Q1: EXISTENCIA FINAL DE DIESEL (LTS)
B2: DIA | C2: MES | D2: AÑO | O2: 2191 | P2: ='DIA 05'!Q2+O2 -> 10094 | Q2: =P2-O35 -> 8518
A4: NO. DE EQUIPO | B4: PRIMER TURNO | I4: SEGUNDO TURNO
B6: Horometro Inicial 1ra | C6: DIESEL | D6: Nombre Operador | E6: Nombre Despachador | F6: Nombre del supervisor | G6: Horometro Final 1ra | I6: Horometro Inicial 2da | J6: =C6 -> DIESEL | K6: =D6 -> Nombre Operador | L6: =E6 -> Nombre Despachador | M6: =F6 -> Nombre del supervisor | N6: Horometro final 2da | O6: ='DIA 05'!O6 -> CONSUMO X DIA | P6: HRS 1ra | Q6: HRS 2da
A7: ='DIA 05'!A7 -> ST-031 (EPIROC 1030) | B7: 4862.7 | C7: 248 | D7: CARLOS | E7: CESAR | F7: JESUS | O7: =C7+J7 -> 248 | P7: =G7-B7 -> -4862.7 | Q7: =N7-I7 -> 0
A8: ='DIA 05'!A8 -> ST-025 (1600) | O8: =C8+J8 -> 0 | P8: =G8-B8 -> 0 | Q8: =N8-I8 -> 0
A9: ='DIA 05'!A9 -> ST-036 R1300 | B9: 8987.5 | C9: 160 | D9: JESUS | E9: CESAR | F9: JESUS | I9: 8996.8 | J9: 155 | K9: JUAN | L9: LUIS | M9: ROBERTO | O9: =C9+J9 -> 315 | P9: =G9-B9 -> -8987.5 | Q9: =N9-I9 -> -8996.8
A10: ='DIA 05'!A10 -> ST-018 | B10: 9616 | C10: 108 | D10: RAUL | E10: CESAR | F10: JESUS | I10: 9621 | J10: 101 | K10: MISAEL | L10: LUIS | M10: ROBERTO | O10: =C10+J10 -> 209 | P10: =G10-B10 -> -9616 | Q10: =N10-I10 -> -9621
A11: ='DIA 05'!A11 -> ST-034 KOMATSU | O11: =C11+J11 -> 0 | P11: =G11-B11 -> 0 | Q11: =N11-I11 -> 0
A12: ='DIA 05'!A12 -> JL-015 (DD311) | C12: 36 | D12: WILFREDO | E12: CESAR | F12: JESUS | O12: =C12+J12 -> 36 | P12: =G12-B12 -> 0 | Q12: =N12-I12 -> 0
A13: ='DIA 05'!A13 -> JL-019 | O13: =C13+J13 -> 0 | P13: =G13-B13 -> 0 | Q13: =N13-I13 -> 0
A14: ='DIA 05'!A14 -> JL-024 CANNON | O14: =C14+J14 -> 0 | P14: =G14-B14 -> 0 | Q14: =N14-I14 -> 0
A15: ='DIA 05'!A15 -> JA-007 RESEMIN | O15: =C15+J15 -> 0 | P15: =G15-B15 -> 0 | Q15: =N15-I15 -> 0
A16: ='DIA 05'!A16 -> JA-004 CANNON | O16: =C16+J16 -> 0 | P16: =G16-B16 -> 0 | Q16: =N16-I16 -> 0
A17: ='DIA 05'!A17 -> RE-009 (RETROEXCAVADORA) | I17: 6645.3 | J17: 59 | K17: FRANCISCO | L17: LUIS | M17: ROBERTO | O17: =C17+J17 -> 59 | P17: =G17-B17 -> 0 | Q17: =N17-I17 -> -6645.3
A18: ='DIA 05'!A18 -> RE-010 (RETROEXCAVADORA) | B18: 2779.6 | C18: 81 | D18: ADRIAN | E18: CESAR | F18: JESUS | O18: =C18+J18 -> 81 | P18: =G18-B18 -> -2779.6 | Q18: =N18-I18 -> 0
A19: ='DIA 05'!A19 -> ZN | O19: =C19+J19 -> 0 | P19: =G19-B19 -> 0 | Q19: =N19-I19 -> 0
A20: ='DIA 05'!A20 -> CBP-001 (BAJO PERFIL) | O20: =C20+J20 -> 0 | P20: =G20-B20 -> 0 | Q20: =N20-I20 -> 0
A21: ='DIA 05'!A21 -> MG-105 | O21: =C21+J21 -> 0 | P21: =G21-B21 -> 0 | Q21: =N21-I21 -> 0
A22: ='DIA 05'!A22 -> MG-044 | I22: 95276 | J22: 98 | K22: MIGUEL | L22: LUIS | M22: ROBERTO | O22: =C22+J22 -> 98 | P22: =G22-B22 -> 0 | Q22: =N22-I22 -> -95276
A23: ='DIA 05'!A23 -> MG-085 (POLVORERA) | O23: =C23+J23 -> 0 | P23: =G23-B23 -> 0 | Q23: =N23-I23 -> 0
A24: ='DIA 05'!A24 -> MG-033 (PERSONAL) | B24: 71434 | C24: 45 | D24: PAYAN | E24: CESAR | F24: JESUS | O24: =C24+J24 -> 45 | P24: =G24-B24 -> -71434 | Q24: =N24-I24 -> 0
A25: ='DIA 05'!A25 -> MG-113 | O25: =C25+J25 -> 0 | P25: =G25-B25 -> 0 | Q25: =N25-I25 -> 0
A26: ='DIA 05'!A26 -> MG-121 | O26: =C26+J26 -> 0 | P26: =G26-B26 -> 0 | Q26: =N26-I26 -> 0
A27: ='DIA 05'!A27 -> MG-086 | O27: =C27+J27 -> 0 | P27: =G27-B27 -> 0 | Q27: =N27-I27 -> 0
A28: ='DIA 05'!A28 -> MG-111 | O28: =C28+J28 -> 0 | P28: =G28-B28 -> 0 | Q28: =N28-I28 -> 0
A29: ='DIA 05'!A29 -> MG-120 | O29: =C29+J29 -> 0 | P29: =G29-B29 -> 0 | Q29: =N29-I29 -> 0
A30: ='DIA 05'!A30 -> PROSERMIN | C30: 228 | J30: 257 | O30: =C30+J30 -> 485 | P30: =G30-B30 -> 0 | Q30: =N30-I30 -> 0
A31: ='DIA 05'!A31 -> ST-060 | O31: =C31+J31 -> 0 | P31: =G31-B31 -> 0 | Q31: =N31-I31 -> 0
A32: ='DIA 05'!A32 -> ST-53 | O32: =C32+J32 -> 0 | P32: =G32-B32 -> 0 | Q32: =N32-I32 -> 0
A33: ='DIA 05'!A33 -> ST-039 | O33: =C33+J33 -> 0 | P33: =G33-B33 -> 0 | Q33: =N33-I33 -> 0
A34: ='DIA 05'!A34 -> JL-025 | O34: =C34+J34 -> 0 | P34: =G34-B34 -> 0 | Q34: =N34-I34 -> 0
A35: TOTALES | C35: =SUM(C7:C34) -> 906 | J35: =SUM(J7:J34) -> 670 | O35: =C35+J35 -> 1576
A43: NOMBRE Y FIRMA DE QUIEN AUTORIZA | G43: NOMBRE Y FIRMA DE ALMACEN | O43: ADMINISTRADOR
P45: 44237 | R45: 44244 | T45: 44251
O46: ACEITE | P46: TAMBO | Q46: LTS | R46: TAMBO | S46: LTS | T46: TAMBO | U46: LTS
O47: HIDRAULICO | P47: 3 | R47: 2 | S47: 140 | T47: 0 | U47: 155
O48: MOTOR | P48: 3 | Q48: 70 | R48: 2 | S48: 182 | T48: 2 | U48: 170
O49: DIFERENCIAL | P49: 1 | Q49: 137 | R49: 1 | S49: 137 | T49: 1 | U49: 160
O50: MAQ.PERF. | P50: 2 | Q50: 117 | R50: 2 | S50: 27 | T50: 1 | U50: 150
O51: DIFERENCIAL CAT | P51: 1 | Q51: 17 | R51: 1 | S51: 0 | T51: 0 | U51: 0
O52: HIDRAULICO CAT | P52: 1 | Q52: 36 | R52: 1 | S52: 0 | T52: 1 | U52: 77
O53: TRANSMICION | Q53: 76 | S53: 76 | T53: 1 | U53: 22.5
O54: ANTICONGELANTE | P54: 1 | Q54: 22 | R54: 1 | S54: 0 | T54: 0 | U54: 165.5
O55: GRASA | P55: 1 | Q55: 8 CUBETAS | R55: 0.5 | S55: 8CUBETAS | T55: 80 | U55: 9CUBETAS

Sheet DIA 07
B1: FECHA | E1: MGA CONTRATISTA MINERA S.A. DE C.V. | O1: ENTRADA DE DIESEL | P1: EXISTENCIA INICIAL DE DIESEL (LTS) | Q1: EXISTENCIA FINAL DE DIESEL (LTS)
B2: DIA | C2: MES | D2: AÑO | P2: ='DIA 06'!Q2+O2 -> 8518 | Q2: =P2-O35 -> 7363
A4: NO. DE EQUIPO | B4: PRIMER TURNO | I4: SEGUNDO TURNO
B6: Horometro Inicial 1ra | C6: DIESEL | D6: Nombre Operador | E6: Nombre Despachador | F6: Nombre del supervisor | G6: Horometro Final 1ra | I6: Horometro Inicial 2da | J6: =C6 -> DIESEL | K6: =D6 -> Nombre Operador | L6: =E6 -> Nombre Despachador | M6: =F6 -> Nombre del supervisor | N6: Horometro final 2da | O6: ='DIA 06'!O6 -> CONSUMO X DIA | P6: HRS 1ra | Q6: HRS 2da
A7: ='DIA 06'!A7 -> ST-031 (EPIROC 1030) | O7: =C7+J7 -> 0 | P7: =G7-B7 -> 0 | Q7: =N7-I7 -> 0
A8: ='DIA 06'!A8 -> ST-025 (1600) | O8: =C8+J8 -> 0 | P8: =G8-B8 -> 0 | Q8: =N8-I8 -> 0
A9: ='DIA 06'!A9 -> ST-036 R1300 | B9: 9005.1 | C9: 213 | D9: OÑATE | E9: JOSE | F9: MANUEL | I9: 9012.6 | J9: 108 | K9: JESUS | L9: CESAR | M9: JESUS | O9: =C9+J9 -> 321 | P9: =G9-B9 -> -9005.1 | Q9: =N9-I9 -> -9012.6
A10: ='DIA 06'!A10 -> ST-018 | B10: 9629.2 | C10: 206 | D10: TONY | E10: JOSE | F10: MANUEL | I10: 9638.6 | J10: 187 | K10: CARLOS | L10: CESAR | M10: JESUS | O10: =C10+J10 -> 393 | P10: =G10-B10 -> -9629.2 | Q10: =N10-I10 -> -9638.6
A11: ='DIA 06'!A11 -> ST-034 KOMATSU | O11: =C11+J11 -> 0 | P11: =G11-B11 -> 0 | Q11: =N11-I11 -> 0
A12: ='DIA 06'!A12 -> JL-015 (DD311) | O12: =C12+J12 -> 0 | P12: =G12-B12 -> 0 | Q12: =N12-I12 -> 0
A13: ='DIA 06'!A13 -> JL-019 | O13: =C13+J13 -> 0 | P13: =G13-B13 -> 0 | Q13: =N13-I13 -> 0
A14: ='DIA 06'!A14 -> JL-024 CANNON | O14: =C14+J14 -> 0 | P14: =G14-B14 -> 0 | Q14: =N14-I14 -> 0
A15: ='DIA 06'!A15 -> JA-007 RESEMIN | I15: 751.1 | J15: 30 | K15: HILARIO | L15: CESAR | M15: JESUS | O15: =C15+J15 -> 30 | P15: =G15-B15 -> 0 | Q15: =N15-I15 -> -751.1
A16: ='DIA 06'!A16 -> JA-004 CANNON | O16: =C16+J16 -> 0 | P16: =G16-B16 -> 0 | Q16: =N16-I16 -> 0
A17: ='DIA 06'!A17 -> RE-009 (RETROEXCAVADORA) | B17: 6651.7 | C17: 13 | D17: CRISTIAN | E17: JOSE | F17: MANUEL | O17: =C17+J17 -> 13 | P17: =G17-B17 -> -6651.7 | Q17: =N17-I17 -> 0
A18: ='DIA 06'!A18 -> RE-010 (RETROEXCAVADORA) | O18: =C18+J18 -> 0 | P18: =G18-B18 -> 0 | Q18: =N18-I18 -> 0
A19: ='DIA 06'!A19 -> ZN | O19: =C19+J19 -> 0 | P19: =G19-B19 -> 0 | Q19: =N19-I19 -> 0
A20: ='DIA 06'!A20 -> CBP-001 (BAJO PERFIL) | O20: =C20+J20 -> 0 | P20: =G20-B20 -> 0 | Q20: =N20-I20 -> 0
A21: ='DIA 06'!A21 -> MG-105 | O21: =C21+J21 -> 0 | P21: =G21-B21 -> 0 | Q21: =N21-I21 -> 0
A22: ='DIA 06'!A22 -> MG-044 | O22: =C22+J22 -> 0 | P22: =G22-B22 -> 0 | Q22: =N22-I22 -> 0
A23: ='DIA 06'!A23 -> MG-085 (POLVORERA) | O23: =C23+J23 -> 0 | P23: =G23-B23 -> 0 | Q23: =N23-I23 -> 0
A24: ='DIA 06'!A24 -> MG-033 (PERSONAL) | O24: =C24+J24 -> 0 | P24: =G24-B24 -> 0 | Q24: =N24-I24 -> 0
A25: ='DIA 06'!A25 -> MG-113 | O25: =C25+J25 -> 0 | P25: =G25-B25 -> 0 | Q25: =N25-I25 -> 0
A26: ='DIA 06'!A26 -> MG-121 | O26: =C26+J26 -> 0 | P26: =G26-B26 -> 0 | Q26: =N26-I26 -> 0
A27: ='DIA 06'!A27 -> MG-086 | O27: =C27+J27 -> 0 | P27: =G27-B27 -> 0 | Q27: =N27-I27 -> 0
A28: ='DIA 06'!A28 -> MG-111 | O28: =C28+J28 -> 0 | P28: =G28-B28 -> 0 | Q28: =N28-I28 -> 0
A29: ='DIA 06'!A29 -> MG-120 | O29: =C29+J29 -> 0 | P29: =G29-B29 -> 0 | Q29: =N29-I29 -> 0
A30: ='DIA 06'!A30 -> PROSERMIN | C30: 183 | J30: 173 | O30: =C30+J30 -> 356 | P30: =G30-B30 -> 0 | Q30: =N30-I30 -> 0
A31: ='DIA 06'!A31 -> ST-060 | O31: =C31+J31 -> 0 | P31: =G31-B31 -> 0 | Q31: =N31-I31 -> 0
A32: ='DIA 06'!A32 -> ST-53 | O32: =C32+J32 -> 0 | P32: =G32-B32 -> 0 | Q32: =N32-I32 -> 0
A33: ='DIA 06'!A33 -> ST-039 | O33: =C33+J33 -> 0 | P33: =G33-B33 -> 0 | Q33: =N33-I33 -> 0
A34: ='DIA 06'!A34 -> JL-025 | B34: 4169.6 | C34: 42 | D34: NATIVIDAD | E34: JOSE | F34: MANUEL | O34: =C34+J34 -> 42 | P34: =G34-B34 -> -4169.6 | Q34: =N34-I34 -> 0
A35: TOTALES | C35: =SUM(C7:C34) -> 657 | J35: =SUM(J7:J34) -> 498 | O35: =C35+J35 -> 1155
A43: NOMBRE Y FIRMA DE QUIEN AUTORIZA | G43: NOMBRE Y FIRMA DE ALMACEN | O43: ADMINISTRADOR
P45: 44237 | R45: 44244 | T45: 44251
O46: ACEITE | P46: TAMBO | Q46: LTS | R46: TAMBO | S46: LTS | T46: TAMBO | U46: LTS
O47: HIDRAULICO | P47: 3 | R47: 2 | S47: 140 | T47: 0 | U47: 155
O48: MOTOR | P48: 3 | Q48: 70 | R48: 2 | S48: 182 | T48: 2 | U48: 170
O49: DIFERENCIAL | P49: 1 | Q49: 137 | R49: 1 | S49: 137 | T49: 1 | U49: 160
O50: MAQ.PERF. | P50: 2 | Q50: 117 | R50: 2 | S50: 27 | T50: 1 | U50: 150
O51: DIFERENCIAL CAT | P51: 1 | Q51: 17 | R51: 1 | S51: 0 | T51: 0 | U51: 0
O52: HIDRAULICO CAT | P52: 1 | Q52: 36 | R52: 1 | S52: 0 | T52: 1 | U52: 77
O53: TRANSMICION | Q53: 76 | S53: 76 | T53: 1 | U53: 22.5
O54: ANTICONGELANTE | P54: 1 | Q54: 22 | R54: 1 | S54: 0 | T54: 0 | U54: 165.5
O55: GRASA | P55: 1 | Q55: 8 CUBETAS | R55: 0.5 | S55: 8CUBETAS | T55: 80 | U55: 9CUBETAS

Sheet DIA 08
B1: FECHA | E1: MGA CONTRATISTA MINERA S.A. DE C.V. | O1: ENTRADA DE DIESEL | P1: EXISTENCIA INICIAL DE DIESEL (LTS) | Q1: EXISTENCIA FINAL DE DIESEL (LTS)
B2: DIA | C2: MES | D2: AÑO | O2: 1750 | P2: ='DIA 07'!Q2+O2 -> 9113 | Q2: =P2-O35 -> 7840
A4: NO. DE EQUIPO | B4: PRIMER TURNO | I4: SEGUNDO TURNO
B6: Horometro Inicial 1ra | C6: DIESEL | D6: Nombre Operador | E6: Nombre Despachador | F6: Nombre del supervisor | G6: Horometro Final 1ra | I6: Horometro Inicial 2da | J6: =C6 -> DIESEL | K6: =D6 -> Nombre Operador | L6: =E6 -> Nombre Despachador | M6: =F6 -> Nombre del supervisor | N6: Horometro final 2da | O6: ='DIA 07'!O6 -> CONSUMO X DIA | P6: HRS 1ra | Q6: HRS 2da
A7: ='DIA 07'!A7 -> ST-031 (EPIROC 1030) | O7: =C7+J7 -> 0 | P7: =G7-B7 -> 0 | Q7: =N7-I7 -> 0
A8: ='DIA 07'!A8 -> ST-025 (1600) | O8: =C8+J8 -> 0 | P8: =G8-B8 -> 0 | Q8: =N8-I8 -> 0
A9: ='DIA 07'!A9 -> ST-036 R1300 | B9: 9021.9 | C9: 186 | D9: OÑETE | E9: JOSE | F9: MANUEL | I9: 9031.2 | J9: 149 | K9: JESUS | L9: CESAR | M9: JESUS | O9: =C9+J9 -> 335 | P9: =G9-B9 -> -9021.9 | Q9: =N9-I9 -> -9031.2
A10: ='DIA 07'!A10 -> ST-018 | B10: 9647 | C10: 156 | D10: TONY | E10: JOSE | F10: MANUEL | I10: 9657.4 | J10: 136 | K10: CARLOS | L10: CESAR | M10: JESUS | O10: =C10+J10 -> 292 | P10: =G10-B10 -> -9647 | Q10: =N10-I10 -> -9657.4
A11: ='DIA 07'!A11 -> ST-034 KOMATSU | O11: =C11+J11 -> 0 | P11: =G11-B11 -> 0 | Q11: =N11-I11 -> 0
A12: ='DIA 07'!A12 -> JL-015 (DD311) | O12: =C12+J12 -> 0 | P12: =G12-B12 -> 0 | Q12: =N12-I12 -> 0
A13: ='DIA 07'!A13 -> JL-019 | O13: =C13+J13 -> 0 | P13: =G13-B13 -> 0 | Q13: =N13-I13 -> 0
A14: ='DIA 07'!A14 -> JL-024 CANNON | O14: =C14+J14 -> 0 | P14: =G14-B14 -> 0 | Q14: =N14-I14 -> 0
A15: ='DIA 07'!A15 -> JA-007 RESEMIN | O15: =C15+J15 -> 0 | P15: =G15-B15 -> 0 | Q15: =N15-I15 -> 0
A16: ='DIA 07'!A16 -> JA-004 CANNON | B16: 2397.4 | C16: 118 | D16: ANTONIO | E16: JOSE | F16: MANUEL | O16: =C16+J16 -> 118 | P16: =G16-B16 -> -2397.4 | Q16: =N16-I16 -> 0
A17: ='DIA 07'!A17 -> RE-009 (RETROEXCAVADORA) | B17: 6666 | C17: 71 | D17: RAFAEL | E17: JOSE | F17: MANUEL | O17: =C17+J17 -> 71 | P17: =G17-B17 -> -6666 | Q17: =N17-I17 -> 0
A18: ='DIA 07'!A18 -> RE-010 (RETROEXCAVADORA) | B18: 2798 | C18: 89 | D18: CRISTIAN | E18: JOSE | F18: MANUEL | O18: =C18+J18 -> 89 | P18: =G18-B18 -> -2798 | Q18: =N18-I18 -> 0
A19: ='DIA 07'!A19 -> ZN | O19: =C19+J19 -> 0 | P19: =G19-B19 -> 0 | Q19: =N19-I19 -> 0
A20: ='DIA 07'!A20 -> CBP-001 (BAJO PERFIL) | O20: =C20+J20 -> 0 | P20: =G20-B20 -> 0 | Q20: =N20-I20 -> 0
A21: ='DIA 07'!A21 -> MG-105 | O21: =C21+J21 -> 0 | P21: =G21-B21 -> 0 | Q21: =N21-I21 -> 0
A22: ='DIA 07'!A22 -> MG-044 | O22: =C22+J22 -> 0 | P22: =G22-B22 -> 0 | Q22: =N22-I22 -> 0
A23: ='DIA 07'!A23 -> MG-085 (POLVORERA) | O23: =C23+J23 -> 0 | P23: =G23-B23 -> 0 | Q23: =N23-I23 -> 0
A24: ='DIA 07'!A24 -> MG-033 (PERSONAL) | O24: =C24+J24 -> 0 | P24: =G24-B24 -> 0 | Q24: =N24-I24 -> 0
A25: ='DIA 07'!A25 -> MG-113 | O25: =C25+J25 -> 0 | P25: =G25-B25 -> 0 | Q25: =N25-I25 -> 0
A26: ='DIA 07'!A26 -> MG-121 | B26: 25940 | C26: 68 | D26: MIGUEL | E26: JOSE | F26: MANUEL | O26: =C26+J26 -> 68 | P26: =G26-B26 -> -25940 | Q26: =N26-I26 -> 0
A27: ='DIA 07'!A27 -> MG-086 | O27: =C27+J27 -> 0 | P27: =G27-B27 -> 0 | Q27: =N27-I27 -> 0
A28: ='DIA 07'!A28 -> MG-111 | O28: =C28+J28 -> 0 | P28: =G28-B28 -> 0 | Q28: =N28-I28 -> 0
A29: ='DIA 07'!A29 -> MG-120 | O29: =C29+J29 -> 0 | P29: =G29-B29 -> 0 | Q29: =N29-I29 -> 0
A30: ='DIA 07'!A30 -> PROSERMIN | C30: 102 | J30: 198 | O30: =C30+J30 -> 300 | P30: =G30-B30 -> 0 | Q30: =N30-I30 -> 0
A31: ='DIA 07'!A31 -> ST-060 | O31: =C31+J31 -> 0 | P31: =G31-B31 -> 0 | Q31: =N31-I31 -> 0
A32: ='DIA 07'!A32 -> ST-53 | O32: =C32+J32 -> 0 | P32: =G32-B32 -> 0 | Q32: =N32-I32 -> 0
A33: ='DIA 07'!A33 -> ST-039 | O33: =C33+J33 -> 0 | P33: =G33-B33 -> 0 | Q33: =N33-I33 -> 0
A34: ='DIA 07'!A34 -> JL-025 | O34: =C34+J34 -> 0 | P34: =G34-B34 -> 0 | Q34: =N34-I34 -> 0
A35: TOTALES | C35: =SUM(C7:C34) -> 790 | J35: =SUM(J7:J34) -> 483 | O35: =C35+J35 -> 1273
A43: NOMBRE Y FIRMA DE QUIEN AUTORIZA | G43: NOMBRE Y FIRMA DE ALMACEN | O43: ADMINISTRADOR
P45: 44237 | R45: 44244 | T45: 44251
O46: ACEITE | P46: TAMBO | Q46: LTS | R46: TAMBO | S46: LTS | T46: TAMBO | U46: LTS
O47: HIDRAULICO | P47: 3 | R47: 2 | S47: 140 | T47: 0 | U47: 155
O48: MOTOR | P48: 3 | Q48: 70 | R48: 2 | S48: 182 | T48: 2 | U48: 170
O49: DIFERENCIAL | P49: 1 | Q49: 137 | R49: 1 | S49: 137 | T49: 1 | U49: 160
O50: MAQ.PERF. | P50: 2 | Q50: 117 | R50: 2 | S50: 27 | T50: 1 | U50: 150
O51: DIFERENCIAL CAT | P51: 1 | Q51: 17 | R51: 1 | S51: 0 | T51: 0 | U51: 0
O52: HIDRAULICO CAT | P52: 1 | Q52: 36 | R52: 1 | S52: 0 | T52: 1 | U52: 77
O53: TRANSMICION | Q53: 76 | S53: 76 | T53: 1 | U53: 22.5
O54: ANTICONGELANTE | P54: 1 | Q54: 22 | R54: 1 | S54: 0 | T54: 0 | U54: 165.5
O55: GRASA | P55: 1 | Q55: 8 CUBETAS | R55: 0.5 | S55: 8CUBETAS | T55: 80 | U55: 9CUBETAS

Sheet DIA 09
B1: FECHA | E1: MGA CONTRATISTA MINERA S.A. DE C.V. | O1: ENTRADA DE DIESEL | P1: EXISTENCIA INICIAL DE DIESEL (LTS) | Q1: EXISTENCIA FINAL DE DIESEL (LTS)
B2: DIA | C2: MES | D2: AÑO | P2: ='DIA 08'!Q2+O2 -> 7840 | Q2: =P2-O35 -> 6537
A4: NO. DE EQUIPO | B4: PRIMER TURNO | I4: SEGUNDO TURNO
B6: Horometro Inicial 1ra | C6: DIESEL | D6: Nombre Operador | E6: Nombre Despachador | F6: Nombre del supervisor | G6: Horometro Final 1ra | I6: Horometro Inicial 2da | J6: =C6 -> DIESEL | K6: =D6 -> Nombre Operador | L6: =E6 -> Nombre Despachador | M6: =F6 -> Nombre del supervisor | N6: Horometro final 2da | O6: ='DIA 08'!O6 -> CONSUMO X DIA | P6: HRS 1ra | Q6: HRS 2da
A7: ='DIA 08'!A7 -> ST-031 (EPIROC 1030) | O7: =J7+C7 -> 0 | P7: =G7-B7 -> 0 | Q7: =N7-I7 -> 0
A8: ='DIA 08'!A8 -> ST-025 (1600) | O8: =J8+C8 -> 0 | P8: =G8-B8 -> 0 | Q8: =N8-I8 -> 0
A9: ='DIA 08'!A9 -> ST-036 R1300 | B9: 9039.5 | C9: 153 | D9: OÑATE | E9: JOSE | F9: MANUEL | I9: 9047.2 | J9: 117 | K9: JESUS | L9: CESAR | M9: JESUS | O9: =J9+C9 -> 270 | P9: =G9-B9 -> -9039.5 | Q9: =N9-I9 -> -9047.2
A10: ='DIA 08'!A10 -> ST-018 | B10: 9659.4 | C10: 175 | D10: TONY | E10: JOSE | F10: MANUEL | I10: 9666.5 | J10: 173 | K10: 173 | L10: CESAR | M10: JESUS | O10: =J10+C10 -> 348 | P10: =G10-B10 -> -9659.4 | Q10: =N10-I10 -> -9666.5
A11: ='DIA 08'!A11 -> ST-034 KOMATSU | O11: =J11+C11 -> 0 | P11: =G11-B11 -> 0 | Q11: =N11-I11 -> 0
A12: ='DIA 08'!A12 -> JL-015 (DD311) | C12: 37 | D12: SERGIO | E12: JOSE | F12: MANUEL | O12: =J12+C12 -> 37 | P12: =G12-B12 -> 0 | Q12: =N12-I12 -> 0
A13: ='DIA 08'!A13 -> JL-019 | O13: =J13+C13 -> 0 | P13: =G13-B13 -> 0 | Q13: =N13-I13 -> 0
A14: ='DIA 08'!A14 -> JL-024 CANNON | O14: =J14+C14 -> 0 | P14: =G14-B14 -> 0 | Q14: =N14-I14 -> 0
A15: ='DIA 08'!A15 -> JA-007 RESEMIN | O15: =J15+C15 -> 0 | P15: =G15-B15 -> 0 | Q15: =N15-I15 -> 0
A16: ='DIA 08'!A16 -> JA-004 CANNON | O16: =J16+C16 -> 0 | P16: =G16-B16 -> 0 | Q16: =N16-I16 -> 0
A17: ='DIA 08'!A17 -> RE-009 (RETROEXCAVADORA) | O17: =J17+C17 -> 0 | P17: =G17-B17 -> 0 | Q17: =N17-I17 -> 0
A18: ='DIA 08'!A18 -> RE-010 (RETROEXCAVADORA) | I18: 6681 | J18: 58 | K18: ADRIAN | L18: CESAR | M18: JESUS | O18: =J18+C18 -> 58 | P18: =G18-B18 -> 0 | Q18: =N18-I18 -> -6681
A19: ='DIA 08'!A19 -> ZN | O19: =J19+C19 -> 0 | P19: =G19-B19 -> 0 | Q19: =N19-I19 -> 0
A20: ='DIA 08'!A20 -> CBP-001 (BAJO PERFIL) | O20: =J20+C20 -> 0 | P20: =G20-B20 -> 0 | Q20: =N20-I20 -> 0
A21: ='DIA 08'!A21 -> MG-105 | B21: 3642.2 | C21: 333 | D21: GERMAN | E21: JOSE | F21: MANUEL | O21: =J21+C21 -> 333 | P21: =G21-B21 -> -3642.2 | Q21: =N21-I21 -> 0
A22: ='DIA 08'!A22 -> MG-044 | O22: =J22+C22 -> 0 | P22: =G22-B22 -> 0 | Q22: =N22-I22 -> 0
A23: ='DIA 08'!A23 -> MG-085 (POLVORERA) | O23: =J23+C23 -> 0 | P23: =G23-B23 -> 0 | Q23: =N23-I23 -> 0
A24: ='DIA 08'!A24 -> MG-033 (PERSONAL) | O24: =J24+C24 -> 0 | P24: =G24-B24 -> 0 | Q24: =N24-I24 -> 0
A25: ='DIA 08'!A25 -> MG-113 | O25: =J25+C25 -> 0 | P25: =G25-B25 -> 0 | Q25: =N25-I25 -> 0
A26: ='DIA 08'!A26 -> MG-121 | O26: =J26+C26 -> 0 | P26: =G26-B26 -> 0 | Q26: =N26-I26 -> 0
A27: ='DIA 08'!A27 -> MG-086 | O27: =J27+C27 -> 0 | P27: =G27-B27 -> 0 | Q27: =N27-I27 -> 0
A28: ='DIA 08'!A28 -> MG-111 | O28: =J28+C28 -> 0 | P28: =G28-B28 -> 0 | Q28: =N28-I28 -> 0
A29: ='DIA 08'!A29 -> MG-120 | O29: =J29+C29 -> 0 | P29: =G29-B29 -> 0 | Q29: =N29-I29 -> 0
A30: ='DIA 08'!A30 -> PROSERMIN | C30: 105 | J30: 152 | O30: =J30+C30 -> 257 | P30: =G30-B30 -> 0 | Q30: =N30-I30 -> 0
A31: ='DIA 08'!A31 -> ST-060 | O31: =J31+C31 -> 0 | P31: =G31-B31 -> 0 | Q31: =N31-I31 -> 0
A32: ='DIA 08'!A32 -> ST-53 | O32: =J32+C32 -> 0 | P32: =G32-B32 -> 0 | Q32: =N32-I32 -> 0
A33: ='DIA 08'!A33 -> ST-039 | O33: =J33+C33 -> 0 | P33: =G33-B33 -> 0 | Q33: =N33-I33 -> 0
A34: ='DIA 08'!A34 -> JL-025 | O34: =J34+C34 -> 0 | P34: =G34-B34 -> 0 | Q34: =N34-I34 -> 0
A35: TOTALES | C35: =SUM(C7:C34) -> 803 | J35: =SUM(J7:J34) -> 500 | O35: =C35+J35 -> 1303
A43: NOMBRE Y FIRMA DE QUIEN AUTORIZA | G43: NOMBRE Y FIRMA DE ALMACEN | O43: ADMINISTRADOR
P45: 44237 | R45: 44244 | T45: 44251
O46: ACEITE | P46: TAMBO | Q46: LTS | R46: TAMBO | S46: LTS | T46: TAMBO | U46: LTS
O47: HIDRAULICO | P47: 3 | R47: 2 | S47: 140 | T47: 0 | U47: 155
O48: MOTOR | P48: 3 | Q48: 70 | R48: 2 | S48: 182 | T48: 2 | U48: 170
O49: DIFERENCIAL | P49: 1 | Q49: 137 | R49: 1 | S49: 137 | T49: 1 | U49: 160
O50: MAQ.PERF. | P50: 2 | Q50: 117 | R50: 2 | S50: 27 | T50: 1 | U50: 150
O51: DIFERENCIAL CAT | P51: 1 | Q51: 17 | R51: 1 | S51: 0 | T51: 0 | U51: 0
O52: HIDRAULICO CAT | P52: 1 | Q52: 36 | R52: 1 | S52: 0 | T52: 1 | U52: 77
O53: TRANSMICION | Q53: 76 | S53: 76 | T53: 1 | U53: 22.5
O54: ANTICONGELANTE | P54: 1 | Q54: 22 | R54: 1 | S54: 0 | T54: 0 | U54: 165.5
O55: GRASA | P55: 1 | Q55: 8 CUBETAS | R55: 0.5 | S55: 8CUBETAS | T55: 80 | U55: 9CUBETAS

Sheet DIA 10
B1: FECHA | E1: MGA CONTRATISTA MINERA S.A. DE C.V. | O1: ENTRADA DE DIESEL | P1: EXISTENCIA INICIAL DE DIESEL (LTS) | Q1: EXISTENCIA FINAL DE DIESEL (LTS)
B2: DIA | C2: MES | D2: AÑO | P2: ='DIA 09'!Q2+O2 -> 6537 | Q2: =P2-O35 -> 5175
A4: NO. DE EQUIPO | B4: PRIMER TURNO | I4: SEGUNDO TURNO
B6: Horometro Inicial 1ra | C6: DIESEL | D6: Nombre Operador | E6: Nombre Despachador | F6: Nombre del supervisor | G6: Horometro Final 1ra | I6: Horometro Inicial 2da | J6: =C6 -> DIESEL | K6: =D6 -> Nombre Operador | L6: =E6 -> Nombre Despachador | M6: =F6 -> Nombre del supervisor | N6: Horometro final 2da | O6: ='DIA 09'!O6 -> CONSUMO X DIA | P6: HRS 1ra | Q6: HRS 2da
A7: ='DIA 09'!A7 -> ST-031 (EPIROC 1030) | O7: =J7+C7 -> 0 | P7: =G7-B7 -> 0 | Q7: =N7-I7 -> 0
A8: ='DIA 09'!A8 -> ST-025 (1600) | O8: =J8+C8 -> 0 | P8: =G8-B8 -> 0 | Q8: =N8-I8 -> 0
A9: ='DIA 09'!A9 -> ST-036 R1300 | B9: 9054.5 | C9: 156 | D9: OÑATE | E9: JOSE | F9: MANUEL | I9: 9060 | J9: 68 | K9: JESUS | L9: CESAR | M9: JESUS | O9: =J9+C9 -> 224 | P9: =G9-B9 -> -9054.5 | Q9: =N9-I9 -> -9060
A10: ='DIA 09'!A10 -> ST-018 | B10: 9674.2 | C10: 169 | D10: OÑATE | E10: JOSE | F10: MANUEL | O10: =J10+C10 -> 169 | P10: =G10-B10 -> -9674.2 | Q10: =N10-I10 -> 0
A11: ='DIA 09'!A11 -> ST-034 KOMATSU | O11: =J11+C11 -> 0 | P11: =G11-B11 -> 0 | Q11: =N11-I11 -> 0
A12: ='DIA 09'!A12 -> JL-015 (DD311) | O12: =J12+C12 -> 0 | P12: =G12-B12 -> 0 | Q12: =N12-I12 -> 0
A13: ='DIA 09'!A13 -> JL-019 | O13: =J13+C13 -> 0 | P13: =G13-B13 -> 0 | Q13: =N13-I13 -> 0
A14: ='DIA 09'!A14 -> JL-024 CANNON | O14: =J14+C14 -> 0 | P14: =G14-B14 -> 0 | Q14: =N14-I14 -> 0
A15: ='DIA 09'!A15 -> JA-007 RESEMIN | I15: 764.5 | J15: 30 | K15: HILARIO | L15: CESAR | M15: JESUS | O15: =J15+C15 -> 30 | P15: =G15-B15 -> 0 | Q15: =N15-I15 -> -764.5
A16: ='DIA 09'!A16 -> JA-004 CANNON | O16: =J16+C16 -> 0 | P16: =G16-B16 -> 0 | Q16: =N16-I16 -> 0
A17: ='DIA 09'!A17 -> RE-009 (RETROEXCAVADORA) | I17: 6694.1 | J17: 61 | K17: ADRIAN | L17: CESAR | M17: JESUS | O17: =J17+C17 -> 61 | P17: =G17-B17 -> 0 | Q17: =N17-I17 -> -6694.1
A18: ='DIA 09'!A18 -> RE-010 (RETROEXCAVADORA) | I18: 2816.2 | J18: 64 | K18: JORGE | L18: CESAR | M18: JESUS | O18: =J18+C18 -> 64 | P18: =G18-B18 -> 0 | Q18: =N18-I18 -> -2816.2
A19: ='DIA 09'!A19 -> ZN | O19: =J19+C19 -> 0 | P19: =G19-B19 -> 0 | Q19: =N19-I19 -> 0
A20: ='DIA 09'!A20 -> CBP-001 (BAJO PERFIL) | O20: =J20+C20 -> 0 | P20: =G20-B20 -> 0 | Q20: =N20-I20 -> 0
A21: ='DIA 09'!A21 -> MG-105 | O21: =J21+C21 -> 0 | P21: =G21-B21 -> 0 | Q21: =N21-I21 -> 0
A22: ='DIA 09'!A22 -> MG-044 | O22: =J22+C22 -> 0 | P22: =G22-B22 -> 0 | Q22: =N22-I22 -> 0
A23: ='DIA 09'!A23 -> MG-085 (POLVORERA) | O23: =J23+C23 -> 0 | P23: =G23-B23 -> 0 | Q23: =N23-I23 -> 0
A24: ='DIA 09'!A24 -> MG-033 (PERSONAL) | C24: 68 | D24: MIGUEL | E24: JOSE | F24: MANUEL | O24: =J24+C24 -> 68 | P24: =G24-B24 -> 0 | Q24: =N24-I24 -> 0
A25: ='DIA 09'!A25 -> MG-113 | O25: =J25+C25 -> 0 | P25: =G25-B25 -> 0 | Q25: =N25-I25 -> 0
A26: ='DIA 09'!A26 -> MG-121 | O26: =J26+C26 -> 0 | P26: =G26-B26 -> 0 | Q26: =N26-I26 -> 0
A27: ='DIA 09'!A27 -> MG-086 | O27: =J27+C27 -> 0 | P27: =G27-B27 -> 0 | Q27: =N27-I27 -> 0
A28: ='DIA 09'!A28 -> MG-111 | O28: =J28+C28 -> 0 | P28: =G28-B28 -> 0 | Q28: =N28-I28 -> 0
A29: ='DIA 09'!A29 -> MG-120 | O29: =J29+C29 -> 0 | P29: =G29-B29 -> 0 | Q29: =N29-I29 -> 0
A30: ='DIA 09'!A30 -> PROSERMIN | C30: 173 | J30: 154 | O30: =J30+C30 -> 327 | P30: =G30-B30 -> 0 | Q30: =N30-I30 -> 0
A31: ='DIA 09'!A31 -> ST-060 | O31: =J31+C31 -> 0 | P31: =G31-B31 -> 0 | Q31: =N31-I31 -> 0
A32: ='DIA 09'!A32 -> ST-53 | O32: =J32+C32 -> 0 | P32: =G32-B32 -> 0 | Q32: =N32-I32 -> 0
A33: ='DIA 09'!A33 -> ST-039 | B33: 9428.2 | C33: 174 | D33: TONY | E33: JOSE | F33: MANUEL | I33: 9436.9 | J33: 199 | K33: CARLOS | L33: CESAR | M33: JESUS | O33: =J33+C33 -> 373 | P33: =G33-B33 -> -9428.2 | Q33: =N33-I33 -> -9436.9
A34: ='DIA 09'!A34 -> JL-025 | I34: 4179.3 | J34: 46 | K34: VICTOR | L34: CESAR | M34: JESUS | O34: =J34+C34 -> 46 | P34: =G34-B34 -> 0 | Q34: =N34-I34 -> -4179.3
A35: TOTALES | C35: =SUM(C7:C34) -> 740 | J35: =SUM(J7:J34) -> 622 | O35: =C35+J35 -> 1362
A43: NOMBRE Y FIRMA DE QUIEN AUTORIZA | G43: NOMBRE Y FIRMA DE ALMACEN | O43: ADMINISTRADOR
P45: 44237 | R45: 44244 | T45: 44251
O46: ACEITE | P46: TAMBO | Q46: LTS | R46: TAMBO | S46: LTS | T46: TAMBO | U46: LTS
O47: HIDRAULICO | P47: 3 | R47: 2 | S47: 140 | T47: 0 | U47: 155
O48: MOTOR | P48: 3 | Q48: 70 | R48: 2 | S48: 182 | T48: 2 | U48: 170
O49: DIFERENCIAL | P49: 1 | Q49: 137 | R49: 1 | S49: 137 | T49: 1 | U49: 160
O50: MAQ.PERF. | P50: 2 | Q50: 117 | R50: 2 | S50: 27 | T50: 1 | U50: 150
O51: DIFERENCIAL CAT | P51: 1 | Q51: 17 | R51: 1 | S51: 0 | T51: 0 | U51: 0
O52: HIDRAULICO CAT | P52: 1 | Q52: 36 | R52: 1 | S52: 0 | T52: 1 | U52: 77
O53: TRANSMICION | Q53: 76 | S53: 76 | T53: 1 | U53: 22.5
O54: ANTICONGELANTE | P54: 1 | Q54: 22 | R54: 1 | S54: 0 | T54: 0 | U54: 165.5
O55: GRASA | P55: 1 | Q55: 8 CUBETAS | R55: 0.5 | S55: 8CUBETAS | T55: 80 | U55: 9CUBETAS

Sheet DIA 11
B1: FECHA | E1: MGA CONTRATISTA MINERA S.A. DE C.V. | O1: ENTRADA DE DIESEL | P1: EXISTENCIA INICIAL DE DIESEL (LTS) | Q1: EXISTENCIA FINAL DE DIESEL (LTS)
B2: DIA | C2: MES | D2: AÑO | O2: 15850 | P2: ='DIA 10'!Q2+O2 -> 21025 | Q2: =P2-O35 -> 19229
A4: NO. DE EQUIPO | B4: PRIMER TURNO | I4: SEGUNDO TURNO
B6: Horometro Inicial 1ra | C6: DIESEL | D6: Nombre Operador | E6: Nombre Despachador | F6: Nombre del supervisor | G6: Horometro Final 1ra | I6: Horometro Inicial 2da | J6: =C6 -> DIESEL | K6: =D6 -> Nombre Operador | L6: =E6 -> Nombre Despachador | M6: =F6 -> Nombre del supervisor | N6: Horometro final 2da | O6: ='DIA 10'!O6 -> CONSUMO X DIA | P6: HRS 1ra | Q6: HRS 2da
A7: ='DIA 10'!A7 -> ST-031 (EPIROC 1030) | O7: =J7+C7 -> 0 | P7: =G7-B7 -> 0 | Q7: =N7-I7 -> 0
A8: ='DIA 10'!A8 -> ST-025 (1600) | O8: =J8+C8 -> 0 | P8: =G8-B8 -> 0 | Q8: =N8-I8 -> 0
A9: ='DIA 10'!A9 -> ST-036 R1300 | B9: 9069 | C9: 175 | D9: OÑATE | E9: JOSE | F9: MANUEL | I9: 9078.5 | J9: 121 | K9: JESUS | L9: CESAR | M9: JESUS | O9: =J9+C9 -> 296 | P9: =G9-B9 -> -9069 | Q9: =N9-I9 -> -9078.5
A10: ='DIA 10'!A10 -> ST-018 | O10: =J10+C10 -> 0 | P10: =G10-B10 -> 0 | Q10: =N10-I10 -> 0
A11: ='DIA 10'!A11 -> ST-034 KOMATSU | O11: =J11+C11 -> 0 | P11: =G11-B11 -> 0 | Q11: =N11-I11 -> 0
A12: ='DIA 10'!A12 -> JL-015 (DD311) | O12: =J12+C12 -> 0 | P12: =G12-B12 -> 0 | Q12: =N12-I12 -> 0
A13: ='DIA 10'!A13 -> JL-019 | O13: =J13+C13 -> 0 | P13: =G13-B13 -> 0 | Q13: =N13-I13 -> 0
A14: ='DIA 10'!A14 -> JL-024 CANNON | O14: =J14+C14 -> 0 | P14: =G14-B14 -> 0 | Q14: =N14-I14 -> 0
A15: ='DIA 10'!A15 -> JA-007 RESEMIN | O15: =J15+C15 -> 0 | P15: =G15-B15 -> 0 | Q15: =N15-I15 -> 0
A16: ='DIA 10'!A16 -> JA-004 CANNON | O16: =J16+C16 -> 0 | P16: =G16-B16 -> 0 | Q16: =N16-I16 -> 0
A17: ='DIA 10'!A17 -> RE-009 (RETROEXCAVADORA) | I17: 678.4 | J17: 41 | K17: JORGE | L17: CESAR | M17: JESUS | O17: =J17+C17 -> 41 | P17: =G17-B17 -> 0 | Q17: =N17-I17 -> -678.4
A18: ='DIA 10'!A18 -> RE-010 (RETROEXCAVADORA) | I18: 2826.3 | J18: 61 | K18: ADRIAN | L18: CESAR | M18: JESUS | O18: =J18+C18 -> 61 | P18: =G18-B18 -> 0 | Q18: =N18-I18 -> -2826.3
A19: ='DIA 10'!A19 -> ZN | O19: =J19+C19 -> 0 | P19: =G19-B19 -> 0 | Q19: =N19-I19 -> 0
A20: ='DIA 10'!A20 -> CBP-001 (BAJO PERFIL) | O20: =J20+C20 -> 0 | P20: =G20-B20 -> 0 | Q20: =N20-I20 -> 0
A21: ='DIA 10'!A21 -> MG-105 | B21: 5187 | C21: 299 | D21: GERMAN | E21: JOSE | F21: MANUEL | O21: =J21+C21 -> 299 | P21: =G21-B21 -> -5187 | Q21: =N21-I21 -> 0
A22: ='DIA 10'!A22 -> MG-044 | O22: =J22+C22 -> 0 | P22: =G22-B22 -> 0 | Q22: =N22-I22 -> 0
A23: ='DIA 10'!A23 -> MG-085 (POLVORERA) | O23: =J23+C23 -> 0 | P23: =G23-B23 -> 0 | Q23: =N23-I23 -> 0
A24: ='DIA 10'!A24 -> MG-033 (PERSONAL) | O24: =J24+C24 -> 0 | P24: =G24-B24 -> 0 | Q24: =N24-I24 -> 0
A25: ='DIA 10'!A25 -> MG-113 | O25: =J25+C25 -> 0 | P25: =G25-B25 -> 0 | Q25: =N25-I25 -> 0
A26: ='DIA 10'!A26 -> MG-121 | O26: =J26+C26 -> 0 | P26: =G26-B26 -> 0 | Q26: =N26-I26 -> 0
A27: ='DIA 10'!A27 -> MG-086 | O27: =J27+C27 -> 0 | P27: =G27-B27 -> 0 | Q27: =N27-I27 -> 0
A28: ='DIA 10'!A28 -> MG-111 | O28: =J28+C28 -> 0 | P28: =G28-B28 -> 0 | Q28: =N28-I28 -> 0
A29: ='DIA 10'!A29 -> MG-120 | O29: =J29+C29 -> 0 | P29: =G29-B29 -> 0 | Q29: =N29-I29 -> 0
A30: ='DIA 10'!A30 -> PROSERMIN | C30: 367 | J30: 247 | O30: =J30+C30 -> 614 | P30: =G30-B30 -> 0 | Q30: =N30-I30 -> 0
A31: ='DIA 10'!A31 -> ST-060 | O31: =J31+C31 -> 0 | P31: =G31-B31 -> 0 | Q31: =N31-I31 -> 0
A32: ='DIA 10'!A32 -> ST-53 | O32: =J32+C32 -> 0 | P32: =G32-B32 -> 0 | Q32: =N32-I32 -> 0
A33: ='DIA 10'!A33 -> ST-039 | B33: 9445.5 | C33: 248 | D33: TONY | E33: JOSE | F33: MANUEL | I33: 9455.5 | J33: 237 | K33: CARLOS | L33: CESAR | M33: JESUS | O33: =J33+C33 -> 485 | P33: =G33-B33 -> -9445.5 | Q33: =N33-I33 -> -9455.5
A34: ='DIA 10'!A34 -> JL-025 | O34: =J34+C34 -> 0 | P34: =G34-B34 -> 0 | Q34: =N34-I34 -> 0
A35: TOTALES | C35: =SUM(C7:C34) -> 1089 | J35: =SUM(J7:J34) -> 707 | O35: =C35+J35 -> 1796
A43: NOMBRE Y FIRMA DE QUIEN AUTORIZA | G43: NOMBRE Y FIRMA DE ALMACEN | O43: ADMINISTRADOR
P45: 44237 | R45: 44244 | T45: 44251
O46: ACEITE | P46: TAMBO | Q46: LTS | R46: TAMBO | S46: LTS | T46: TAMBO | U46: LTS
O47: HIDRAULICO | P47: 3 | R47: 2 | S47: 140 | T47: 0 | U47: 155
O48: MOTOR | P48: 3 | Q48: 70 | R48: 2 | S48: 182 | T48: 2 | U48: 170
O49: DIFERENCIAL | P49: 1 | Q49: 137 | R49: 1 | S49: 137 | T49: 1 | U49: 160
O50: MAQ.PERF. | P50: 2 | Q50: 117 | R50: 2 | S50: 27 | T50: 1 | U50: 150
O51: DIFERENCIAL CAT | P51: 1 | Q51: 17 | R51: 1 | S51: 0 | T51: 0 | U51: 0
O52: HIDRAULICO CAT | P52: 1 | Q52: 36 | R52: 1 | S52: 0 | T52: 1 | U52: 77
O53: TRANSMICION | Q53: 76 | S53: 76 | T53: 1 | U53: 22.5
O54: ANTICONGELANTE | P54: 1 | Q54: 22 | R54: 1 | S54: 0 | T54: 0 | U54: 165.5
O55: GRASA | P55: 1 | Q55: 8 CUBETAS | R55: 0.5 | S55: 8CUBETAS | T55: 80 | U55: 9CUBETAS

Sheet DIA 12
B1: FECHA | E1: MGA CONTRATISTA MINERA S.A. DE C.V. | O1: ENTRADA DE DIESEL | P1: EXISTENCIA INICIAL DE DIESEL (LTS) | Q1: EXISTENCIA FINAL DE DIESEL (LTS)
B2: DIA | C2: MES | D2: AÑO | P2: ='DIA 11'!Q2+O2 -> 19229 | Q2: =P2-O35 -> 17444
A4: NO. DE EQUIPO | B4: PRIMER TURNO | I4: SEGUNDO TURNO
B6: Horometro Inicial 1ra | C6: DIESEL | D6: Nombre Operador | E6: Nombre Despachador | F6: Nombre del supervisor | G6: Horometro Final 1ra | I6: Horometro Inicial 2da | J6: =C6 -> DIESEL | K6: =D6 -> Nombre Operador | L6: =E6 -> Nombre Despachador | M6: =F6 -> Nombre del supervisor | N6: Horometro final 2da | O6: ='DIA 11'!O6 -> CONSUMO X DIA | P6: HRS 1ra | Q6: HRS 2da
A7: ='DIA 11'!A7 -> ST-031 (EPIROC 1030) | O7: =J7+C7 -> 0 | P7: =G7-B7 -> 0 | Q7: =N7-I7 -> 0
A8: ='DIA 11'!A8 -> ST-025 (1600) | O8: =J8+C8 -> 0 | P8: =G8-B8 -> 0 | Q8: =N8-I8 -> 0
A9: ='DIA 11'!A9 -> ST-036 R1300 | B9: 9086.8 | C9: 172 | D9: OÑATE | E9: JOSE | F9: MANUEL | I9: 9091.8 | J9: 62 | K9: JESUS | L9: CESAR | M9: JESUS | O9: =J9+C9 -> 234 | P9: =G9-B9 -> -9086.8 | Q9: =N9-I9 -> -9091.8
A10: ='DIA 11'!A10 -> ST-018 | O10: =J10+C10 -> 0 | P10: =G10-B10 -> 0 | Q10: =N10-I10 -> 0
A11: ='DIA 11'!A11 -> ST-034 KOMATSU | O11: =J11+C11 -> 0 | P11: =G11-B11 -> 0 | Q11: =N11-I11 -> 0
A12: ='DIA 11'!A12 -> JL-015 (DD311) | O12: =J12+C12 -> 0 | P12: =G12-B12 -> 0 | Q12: =N12-I12 -> 0
A13: ='DIA 11'!A13 -> JL-019 | O13: =J13+C13 -> 0 | P13: =G13-B13 -> 0 | Q13: =N13-I13 -> 0
A14: ='DIA 11'!A14 -> JL-024 CANNON | O14: =J14+C14 -> 0 | P14: =G14-B14 -> 0 | Q14: =N14-I14 -> 0
A15: ='DIA 11'!A15 -> JA-007 RESEMIN | O15: =J15+C15 -> 0 | P15: =G15-B15 -> 0 | Q15: =N15-I15 -> 0
A16: ='DIA 11'!A16 -> JA-004 CANNON | O16: =J16+C16 -> 0 | P16: =G16-B16 -> 0 | Q16: =N16-I16 -> 0
A17: ='DIA 11'!A17 -> RE-009 (RETROEXCAVADORA) | B17: 6413.2 | C17: 44 | D17: CRISTIAN | E17: JOSE | F17: MANUEL | O17: =J17+C17 -> 44 | P17: =G17-B17 -> -6413.2 | Q17: =N17-I17 -> 0
A18: ='DIA 11'!A18 -> RE-010 (RETROEXCAVADORA) | O18: =J18+C18 -> 0 | P18: =G18-B18 -> 0 | Q18: =N18-I18 -> 0
A19: ='DIA 11'!A19 -> ZN | O19: =J19+C19 -> 0 | P19: =G19-B19 -> 0 | Q19: =N19-I19 -> 0
A20: ='DIA 11'!A20 -> CBP-001 (BAJO PERFIL) | O20: =J20+C20 -> 0 | P20: =G20-B20 -> 0 | Q20: =N20-I20 -> 0
A21: ='DIA 11'!A21 -> MG-105 | O21: =J21+C21 -> 0 | P21: =G21-B21 -> 0 | Q21: =N21-I21 -> 0
A22: ='DIA 11'!A22 -> MG-044 | O22: =J22+C22 -> 0 | P22: =G22-B22 -> 0 | Q22: =N22-I22 -> 0
A23: ='DIA 11'!A23 -> MG-085 (POLVORERA) | O23: =J23+C23 -> 0 | P23: =G23-B23 -> 0 | Q23: =N23-I23 -> 0
A24: ='DIA 11'!A24 -> MG-033 (PERSONAL) | O24: =J24+C24 -> 0 | P24: =G24-B24 -> 0 | Q24: =N24-I24 -> 0
A25: ='DIA 11'!A25 -> MG-113 | O25: =J25+C25 -> 0 | P25: =G25-B25 -> 0 | Q25: =N25-I25 -> 0
A26: ='DIA 11'!A26 -> MG-121 | O26: =J26+C26 -> 0 | P26: =G26-B26 -> 0 | Q26: =N26-I26 -> 0
A27: ='DIA 11'!A27 -> MG-086 | O27: =J27+C27 -> 0 | P27: =G27-B27 -> 0 | Q27: =N27-I27 -> 0
A28: ='DIA 11'!A28 -> MG-111 | O28: =J28+C28 -> 0 | P28: =G28-B28 -> 0 | Q28: =N28-I28 -> 0
A29: ='DIA 11'!A29 -> MG-120 | O29: =J29+C29 -> 0 | P29: =G29-B29 -> 0 | Q29: =N29-I29 -> 0
A30: ='DIA 11'!A30 -> PROSERMIN | C30: 499 | J30: 335 | O30: =J30+C30 -> 834 | P30: =G30-B30 -> 0 | Q30: =N30-I30 -> 0
A31: ='DIA 11'!A31 -> ST-060 | O31: =J31+C31 -> 0 | P31: =G31-B31 -> 0 | Q31: =N31-I31 -> 0
A32: ='DIA 11'!A32 -> ST-53 | O32: =J32+C32 -> 0 | P32: =G32-B32 -> 0 | Q32: =N32-I32 -> 0
A33: ='DIA 11'!A33 -> ST-039 | B33: 9464.1 | C33: 228 | D33: TONY | E33: JOSE | F33: MANUEL | I33: 9473.4 | J33: 445 | K33: CARLOS | L33: CESAR | M33: JESUS | O33: =J33+C33 -> 673 | P33: =G33-B33 -> -9464.1 | Q33: =N33-I33 -> -9473.4
A34: ='DIA 11'!A34 -> JL-025 | O34: =J34+C34 -> 0 | P34: =G34-B34 -> 0 | Q34: =N34-I34 -> 0
A35: TOTALES | C35: =SUM(C7:C34) -> 943 | J35: =SUM(J7:J34) -> 842 | O35: =C35+J35 -> 1785
A43: NOMBRE Y FIRMA DE QUIEN AUTORIZA | G43: NOMBRE Y FIRMA DE ALMACEN | O43: ADMINISTRADOR
P45: 44237 | R45: 44244 | T45: 44251
O46: ACEITE | P46: TAMBO | Q46: LTS | R46: TAMBO | S46: LTS | T46: TAMBO | U46: LTS
O47: HIDRAULICO | P47: 3 | R47: 2 | S47: 140 | T47: 0 | U47: 155
O48: MOTOR | P48: 3 | Q48: 70 | R48: 2 | S48: 182 | T48: 2 | U48: 170
O49: DIFERENCIAL | P49: 1 | Q49: 137 | R49: 1 | S49: 137 | T49: 1 | U49: 160
O50: MAQ.PERF. | P50: 2 | Q50: 117 | R50: 2 | S50: 27 | T50: 1 | U50: 150
O51: DIFERENCIAL CAT | P51: 1 | Q51: 17 | R51: 1 | S51: 0 | T51: 0 | U51: 0
O52: HIDRAULICO CAT | P52: 1 | Q52: 36 | R52: 1 | S52: 0 | T52: 1 | U52: 77
O53: TRANSMICION | Q53: 76 | S53: 76 | T53: 1 | U53: 22.5
O54: ANTICONGELANTE | P54: 1 | Q54: 22 | R54: 1 | S54: 0 | T54: 0 | U54: 165.5
O55: GRASA | P55: 1 | Q55: 8 CUBETAS | R55: 0.5 | S55: 8CUBETAS | T55: 80 | U55: 9CUBETAS

Sheet DIA 13
B1: FECHA | E1: MGA CONTRATISTA MINERA S.A. DE C.V. | O1: ENTRADA DE DIESEL | P1: EXISTENCIA INICIAL DE DIESEL (LTS) | Q1: EXISTENCIA FINAL DE DIESEL (LTS)
B2: DIA | C2: MES | D2: AÑO | P2: ='DIA 12'!Q2+O2 -> 17444 | Q2: =P2-O35 -> 11828
A4: NO. DE EQUIPO | B4: PRIMER TURNO | I4: SEGUNDO TURNO
B6: Horometro Inicial 1ra | C6: DIESEL | D6: Nombre Operador | E6: Nombre Despachador | F6: Nombre del supervisor | G6: Horometro Final 1ra | I6: Horometro Inicial 2da | J6: =C6 -> DIESEL | K6: =D6 -> Nombre Operador | L6: =E6 -> Nombre Despachador | M6: =F6 -> Nombre del supervisor | N6: Horometro final 2da | O6: ='DIA 12'!O6 -> CONSUMO X DIA | P6: HRS 1ra | Q6: HRS 2da
A7: ='DIA 12'!A7 -> ST-031 (EPIROC 1030) | O7: =J7+C7 -> 0 | P7: =G7-B7 -> 0 | Q7: =N7-I7 -> 0
A8: ='DIA 12'!A8 -> ST-025 (1600) | B8: 9098 | C8: 105 | D8: OÑATE | E8: JOSE | F8: MANUEL | I8: 9106.6 | J8: 124 | K8: JESUS | L8: CESAR | M8: JESUS | O8: =J8+C8 -> 229 | P8: =G8-B8 -> -9098 | Q8: =N8-I8 -> -9106.6
A9: ='DIA 12'!A9 -> ST-036 R1300 | O9: =J9+C9 -> 0 | P9: =G9-B9 -> 0 | Q9: =N9-I9 -> 0
A10: ='DIA 12'!A10 -> ST-018 | O10: =J10+C10 -> 0 | P10: =G10-B10 -> 0 | Q10: =N10-I10 -> 0
A11: ='DIA 12'!A11 -> ST-034 KOMATSU | O11: =J11+C11 -> 0 | P11: =G11-B11 -> 0 | Q11: =N11-I11 -> 0
A12: ='DIA 12'!A12 -> JL-015 (DD311) | J12: 56 | K12: WILFREDO | L12: CESAR | M12: JESUS | O12: =J12+C12 -> 56 | P12: =G12-B12 -> 0 | Q12: =N12-I12 -> 0
A13: ='DIA 12'!A13 -> JL-019 | O13: =J13+C13 -> 0 | P13: =G13-B13 -> 0 | Q13: =N13-I13 -> 0
A14: ='DIA 12'!A14 -> JL-024 CANNON | O14: =J14+C14 -> 0 | P14: =G14-B14 -> 0 | Q14: =N14-I14 -> 0
A15: ='DIA 12'!A15 -> JA-007 RESEMIN | O15: =J15+C15 -> 0 | P15: =G15-B15 -> 0 | Q15: =N15-I15 -> 0
A16: ='DIA 12'!A16 -> JA-004 CANNON | O16: =J16+C16 -> 0 | P16: =G16-B16 -> 0 | Q16: =N16-I16 -> 0
A17: ='DIA 12'!A17 -> RE-009 (RETROEXCAVADORA) | B17: 6227.2 | C17: 43 | D17: CISTIAN | E17: JOSE | F17: MANUEL | O17: =J17+C17 -> 43 | P17: =G17-B17 -> -6227.2 | Q17: =N17-I17 -> 0
A18: ='DIA 12'!A18 -> RE-010 (RETROEXCAVADORA) | I18: 2852.5 | J18: 95 | K18: ADRIAN | L18: CESAR | M18: JESUS | O18: =J18+C18 -> 95 | P18: =G18-B18 -> 0 | Q18: =N18-I18 -> -2852.5
A19: ='DIA 12'!A19 -> ZN | C19: 4002 | D19: JUAN | E19: JOSE | F19: MANUEL | O19: =J19+C19 -> 4002 | P19: =G19-B19 -> 0 | Q19: =N19-I19 -> 0
A20: ='DIA 12'!A20 -> CBP-001 (BAJO PERFIL) | O20: =J20+C20 -> 0 | P20: =G20-B20 -> 0 | Q20: =N20-I20 -> 0
A21: ='DIA 12'!A21 -> MG-105 | O21: =J21+C21 -> 0 | P21: =G21-B21 -> 0 | Q21: =N21-I21 -> 0
A22: ='DIA 12'!A22 -> MG-044 | B22: 13224 | C22: 239 | D22: GERMAN | E22: JOSE | F22: MANUEL | O22: =J22+C22 -> 239 | P22: =G22-B22 -> -13224 | Q22: =N22-I22 -> 0
A23: ='DIA 12'!A23 -> MG-085 (POLVORERA) | O23: =J23+C23 -> 0 | P23: =G23-B23 -> 0 | Q23: =N23-I23 -> 0
A24: ='DIA 12'!A24 -> MG-033 (PERSONAL) | O24: =J24+C24 -> 0 | P24: =G24-B24 -> 0 | Q24: =N24-I24 -> 0
A25: ='DIA 12'!A25 -> MG-113 | B25: 24060 | C25: 71 | D25: ROGELIO | E25: JOSE | F25: MANUEL | O25: =J25+C25 -> 71 | P25: =G25-B25 -> -24060 | Q25: =N25-I25 -> 0
A26: ='DIA 12'!A26 -> MG-121 | O26: =J26+C26 -> 0 | P26: =G26-B26 -> 0 | Q26: =N26-I26 -> 0
A27: ='DIA 12'!A27 -> MG-086 | O27: =J27+C27 -> 0 | P27: =G27-B27 -> 0 | Q27: =N27-I27 -> 0
A28: ='DIA 12'!A28 -> MG-111 | O28: =J28+C28 -> 0 | P28: =G28-B28 -> 0 | Q28: =N28-I28 -> 0
A29: ='DIA 12'!A29 -> MG-120 | O29: =J29+C29 -> 0 | P29: =G29-B29 -> 0 | Q29: =N29-I29 -> 0
A30: ='DIA 12'!A30 -> PROSERMIN | C30: 286 | J30: 182 | O30: =J30+C30 -> 468 | P30: =G30-B30 -> 0 | Q30: =N30-I30 -> 0
A31: ='DIA 12'!A31 -> ST-060 | O31: =J31+C31 -> 0 | P31: =G31-B31 -> 0 | Q31: =N31-I31 -> 0
A32: ='DIA 12'!A32 -> ST-53 | O32: =J32+C32 -> 0 | P32: =G32-B32 -> 0 | Q32: =N32-I32 -> 0
A33: ='DIA 12'!A33 -> ST-039 | B33: 9489.6 | C33: 204 | D33: TONY | E33: JOSE | F33: MANUEL | I33: 9498.3 | J33: 209 | K33: CARLOS | L33: CESAR | M33: JESUS | O33: =J33+C33 -> 413 | P33: =G33-B33 -> -9489.6 | Q33: =N33-I33 -> -9498.3
A34: ='DIA 12'!A34 -> JL-025 | O34: =J34+C34 -> 0 | P34: =G34-B34 -> 0 | Q34: =N34-I34 -> 0
A35: TOTALES | C35: =SUM(C7:C34) -> 4950 | J35: =SUM(J7:J34) -> 666 | O35: =C35+J35 -> 5616
A43: NOMBRE Y FIRMA DE QUIEN AUTORIZA | G43: NOMBRE Y FIRMA DE ALMACEN | O43: ADMINISTRADOR
P45: 44237 | R45: 44244 | T45: 44251
O46: ACEITE | P46: TAMBO | Q46: LTS | R46: TAMBO | S46: LTS | T46: TAMBO | U46: LTS
O47: HIDRAULICO | P47: 3 | R47: 2 | S47: 140 | T47: 0 | U47: 155
O48: MOTOR | P48: 3 | Q48: 70 | R48: 2 | S48: 182 | T48: 2 | U48: 170
O49: DIFERENCIAL | P49: 1 | Q49: 137 | R49: 1 | S49: 137 | T49: 1 | U49: 160
O50: MAQ.PERF. | P50: 2 | Q50: 117 | R50: 2 | S50: 27 | T50: 1 | U50: 150
O51: DIFERENCIAL CAT | P51: 1 | Q51: 17 | R51: 1 | S51: 0 | T51: 0 | U51: 0
O52: HIDRAULICO CAT | P52: 1 | Q52: 36 | R52: 1 | S52: 0 | T52: 1 | U52: 77
O53: TRANSMICION | Q53: 76 | S53: 76 | T53: 1 | U53: 22.5
O54: ANTICONGELANTE | P54: 1 | Q54: 22 | R54: 1 | S54: 0 | T54: 0 | U54: 165.5
O55: GRASA | P55: 1 | Q55: 8 CUBETAS | R55: 0.5 | S55: 8CUBETAS | T55: 80 | U55: 9CUBETAS

Sheet DIA 14
B1: FECHA | E1: MGA CONTRATISTA MINERA S.A. DE C.V. | O1: ENTRADA DE DIESEL | P1: EXISTENCIA INICIAL DE DIESEL (LTS) | Q1: EXISTENCIA FINAL DE DIESEL (LTS)
B2: DIA | C2: MES | D2: AÑO | O2: 1800 | P2: ='DIA 13'!Q2+O2 -> 13628 | Q2: =P2-O35 -> 11811
A4: NO. DE EQUIPO | B4: PRIMER TURNO | I4: SEGUNDO TURNO
B6: Horometro Inicial 1ra | C6: DIESEL | D6: Nombre Operador | E6: Nombre Despachador | F6: Nombre del supervisor | G6: Horometro Final 1ra | I6: Horometro Inicial 2da | J6: =C6 -> DIESEL | K6: =D6 -> Nombre Operador | L6: =E6 -> Nombre Despachador | M6: =F6 -> Nombre del supervisor | N6: Horometro final 2da | O6: ='DIA 13'!O6 -> CONSUMO X DIA | P6: HRS 1ra | Q6: HRS 2da
A7: ='DIA 13'!A7 -> ST-031 (EPIROC 1030) | O7: =J7+C7 -> 0 | P7: =G7-B7 -> 0 | Q7: =N7-I7 -> 0
A8: ='DIA 13'!A8 -> ST-025 (1600) | O8: =J8+C8 -> 0 | P8: =G8-B8 -> 0 | Q8: =N8-I8 -> 0
A9: ='DIA 13'!A9 -> ST-036 R1300 | B9: 9115 | C9: 138 | D9: OÑATE | E9: JOSE | F9: MANUEL | I9: 9123.5 | J9: 135 | K9: JESUS | L9: CESAR | M9: JESUS | O9: =J9+C9 -> 273 | P9: =G9-B9 -> -9115 | Q9: =N9-I9 -> -9123.5
A10: ='DIA 13'!A10 -> ST-018 | O10: =J10+C10 -> 0 | P10: =G10-B10 -> 0 | Q10: =N10-I10 -> 0
A11: ='DIA 13'!A11 -> ST-034 KOMATSU | O11: =J11+C11 -> 0 | P11: =G11-B11 -> 0 | Q11: =N11-I11 -> 0
A12: ='DIA 13'!A12 -> JL-015 (DD311) | O12: =J12+C12 -> 0 | P12: =G12-B12 -> 0 | Q12: =N12-I12 -> 0
A13: ='DIA 13'!A13 -> JL-019 | O13: =J13+C13 -> 0 | P13: =G13-B13 -> 0 | Q13: =N13-I13 -> 0
A14: ='DIA 13'!A14 -> JL-024 CANNON | O14: =J14+C14 -> 0 | P14: =G14-B14 -> 0 | Q14: =N14-I14 -> 0
A15: ='DIA 13'!A15 -> JA-007 RESEMIN | B15: 772.3 | C15: 47 | D15: ALEJANDRO | E15: JOSE | F15: MANUEL | O15: =J15+C15 -> 47 | P15: =G15-B15 -> -772.3 | Q15: =N15-I15 -> 0
A16: ='DIA 13'!A16 -> JA-004 CANNON | O16: =J16+C16 -> 0 | P16: =G16-B16 -> 0 | Q16: =N16-I16 -> 0
A17: ='DIA 13'!A17 -> RE-009 (RETROEXCAVADORA) | B17: 6740.3 | C17: 61 | D17: CRISTIAN | E17: JOSE | F17: MANUEL | O17: =J17+C17 -> 61 | P17: =G17-B17 -> -6740.3 | Q17: =N17-I17 -> 0
A18: ='DIA 13'!A18 -> RE-010 (RETROEXCAVADORA) | O18: =J18+C18 -> 0 | P18: =G18-B18 -> 0 | Q18: =N18-I18 -> 0
A19: ='DIA 13'!A19 -> ZN | O19: =J19+C19 -> 0 | P19: =G19-B19 -> 0 | Q19: =N19-I19 -> 0
A20: ='DIA 13'!A20 -> CBP-001 (BAJO PERFIL) | O20: =J20+C20 -> 0 | P20: =G20-B20 -> 0 | Q20: =N20-I20 -> 0
A21: ='DIA 13'!A21 -> MG-105 | O21: =J21+C21 -> 0 | P21: =G21-B21 -> 0 | Q21: =N21-I21 -> 0
A22: ='DIA 13'!A22 -> MG-044 | B22: 13233.8 | C22: 323 | D22: GERMAN | E22: JOSE | F22: MANUEL | O22: =J22+C22 -> 323 | P22: =G22-B22 -> -13233.8 | Q22: =N22-I22 -> 0
A23: ='DIA 13'!A23 -> MG-085 (POLVORERA) | I23: 86277 | J23: 85 | K23: FRANCISCO | L23: CESAR | M23: JESUS | O23: =J23+C23 -> 85 | P23: =G23-B23 -> 0 | Q23: =N23-I23 -> -86277
A24: ='DIA 13'!A24 -> MG-033 (PERSONAL) | C24: 50 | D24: MIGUEL | E24: JOSE | F24: MANUEL | O24: =J24+C24 -> 50 | P24: =G24-B24 -> 0 | Q24: =N24-I24 -> 0
A25: ='DIA 13'!A25 -> MG-113 | O25: =J25+C25 -> 0 | P25: =G25-B25 -> 0 | Q25: =N25-I25 -> 0
A26: ='DIA 13'!A26 -> MG-121 | B26: 2619 | C26: 38 | D26: EVER | E26: JOSE | F26: MANUEL | O26: =J26+C26 -> 38 | P26: =G26-B26 -> -2619 | Q26: =N26-I26 -> 0
A27: ='DIA 13'!A27 -> MG-086 | O27: =J27+C27 -> 0 | P27: =G27-B27 -> 0 | Q27: =N27-I27 -> 0
A28: ='DIA 13'!A28 -> MG-111 | O28: =J28+C28 -> 0 | P28: =G28-B28 -> 0 | Q28: =N28-I28 -> 0
A29: ='DIA 13'!A29 -> MG-120 | O29: =J29+C29 -> 0 | P29: =G29-B29 -> 0 | Q29: =N29-I29 -> 0
A30: ='DIA 13'!A30 -> PROSERMIN | C30: 298 | E30: JOSE | F30: MANUEL | J30: 253 | O30: =J30+C30 -> 551 | P30: =G30-B30 -> 0 | Q30: =N30-I30 -> 0
A31: ='DIA 13'!A31 -> ST-060 | O31: =J31+C31 -> 0 | P31: =G31-B31 -> 0 | Q31: =N31-I31 -> 0
A32: ='DIA 13'!A32 -> ST-53 | O32: =J32+C32 -> 0 | P32: =G32-B32 -> 0 | Q32: =N32-I32 -> 0
A33: ='DIA 13'!A33 -> ST-039 | B33: 9507.3 | C33: 206 | D33: TONY | E33: JOSE | F33: MANUEL | I33: 9515.5 | J33: 183 | K33: CARLOS | L33: CESAR | M33: JESUS | O33: =J33+C33 -> 389 | P33: =G33-B33 -> -9507.3 | Q33: =N33-I33 -> -9515.5
A34: ='DIA 13'!A34 -> JL-025 | O34: =J34+C34 -> 0 | P34: =G34-B34 -> 0 | Q34: =N34-I34 -> 0
A35: TOTALES | C35: =SUM(C7:C34) -> 1161 | J35: =SUM(J7:J34) -> 656 | O35: =C35+J35 -> 1817
A43: NOMBRE Y FIRMA DE QUIEN AUTORIZA | G43: NOMBRE Y FIRMA DE ALMACEN | O43: ADMINISTRADOR
P45: 44237 | R45: 44244 | T45: 44251
O46: ACEITE | P46: TAMBO | Q46: LTS | R46: TAMBO | S46: LTS | T46: TAMBO | U46: LTS
O47: HIDRAULICO | P47: 3 | R47: 2 | S47: 140 | T47: 0 | U47: 155
O48: MOTOR | P48: 3 | Q48: 70 | R48: 2 | S48: 182 | T48: 2 | U48: 170
O49: DIFERENCIAL | P49: 1 | Q49: 137 | R49: 1 | S49: 137 | T49: 1 | U49: 160
O50: MAQ.PERF. | P50: 2 | Q50: 117 | R50: 2 | S50: 27 | T50: 1 | U50: 150
O51: DIFERENCIAL CAT | P51: 1 | Q51: 17 | R51: 1 | S51: 0 | T51: 0 | U51: 0
O52: HIDRAULICO CAT | P52: 1 | Q52: 36 | R52: 1 | S52: 0 | T52: 1 | U52: 77
O53: TRANSMICION | Q53: 76 | S53: 76 | T53: 1 | U53: 22.5
O54: ANTICONGELANTE | P54: 1 | Q54: 22 | R54: 1 | S54: 0 | T54: 0 | U54: 165.5
O55: GRASA | P55: 1 | Q55: 8 CUBETAS | R55: 0.5 | S55: 8CUBETAS | T55: 80 | U55: 9CUBETAS

Sheet DIA 15
B1: FECHA | E1: MGA CONTRATISTA MINERA S.A. DE C.V. | O1: ENTRADA DE DIESEL | P1: EXISTENCIA INICIAL DE DIESEL (LTS) | Q1: EXISTENCIA FINAL DE DIESEL (LTS)
B2: DIA | C2: MES | D2: AÑO | P2: ='DIA 14'!Q2+O2 -> 11811 | Q2: =P2-O35 -> 10631
A4: NO. DE EQUIPO | B4: PRIMER TURNO | I4: SEGUNDO TURNO
B6: Horometro Inicial 1ra | C6: DIESEL | D6: Nombre Operador | E6: Nombre Despachador | F6: Nombre del supervisor | G6: Horometro Final 1ra | I6: Horometro Inicial 2da | J6: =C6 -> DIESEL | K6: =D6 -> Nombre Operador | L6: =E6 -> Nombre Despachador | M6: =F6 -> Nombre del supervisor | N6: Horometro final 2da | O6: ='DIA 14'!O6 -> CONSUMO X DIA | P6: HRS 1ra | Q6: HRS 2da
A7: ='DIA 14'!A7 -> ST-031 (EPIROC 1030) | O7: =J7+C7 -> 0 | P7: =G7-B7 -> 0 | Q7: =N7-I7 -> 0
A8: ='DIA 14'!A8 -> ST-025 (1600) | O8: =J8+C8 -> 0 | P8: =G8-B8 -> 0 | Q8: =N8-I8 -> 0
A9: ='DIA 14'!A9 -> ST-036 R1300 | B9: 9133.2 | C9: 162 | D9: OÑATE | E9: JOSE | F9: MANUEL | I9: 9143 | J9: 165 | K9: JESUS | L9: CESAR | M9: JESUS | O9: =J9+C9 -> 327 | P9: =G9-B9 -> -9133.2 | Q9: =N9-I9 -> -9143
A10: ='DIA 14'!A10 -> ST-018 | O10: =J10+C10 -> 0 | P10: =G10-B10 -> 0 | Q10: =N10-I10 -> 0
A11: ='DIA 14'!A11 -> ST-034 KOMATSU | O11: =J11+C11 -> 0 | P11: =G11-B11 -> 0 | Q11: =N11-I11 -> 0
A12: ='DIA 14'!A12 -> JL-015 (DD311) | O12: =J12+C12 -> 0 | P12: =G12-B12 -> 0 | Q12: =N12-I12 -> 0
A13: ='DIA 14'!A13 -> JL-019 | O13: =J13+C13 -> 0 | P13: =G13-B13 -> 0 | Q13: =N13-I13 -> 0
A14: ='DIA 14'!A14 -> JL-024 CANNON | O14: =J14+C14 -> 0 | P14: =G14-B14 -> 0 | Q14: =N14-I14 -> 0
A15: ='DIA 14'!A15 -> JA-007 RESEMIN | O15: =J15+C15 -> 0 | P15: =G15-B15 -> 0 | Q15: =N15-I15 -> 0
A16: ='DIA 14'!A16 -> JA-004 CANNON | O16: =J16+C16 -> 0 | P16: =G16-B16 -> 0 | Q16: =N16-I16 -> 0
A17: ='DIA 14'!A17 -> RE-009 (RETROEXCAVADORA) | I17: 6757.3 | J17: 48 | K17: JORGE | L17: CESAR | M17: JESUS | O17: =J17+C17 -> 48 | P17: =G17-B17 -> 0 | Q17: =N17-I17 -> -6757.3
A18: ='DIA 14'!A18 -> RE-010 (RETROEXCAVADORA) | O18: =J18+C18 -> 0 | P18: =G18-B18 -> 0 | Q18: =N18-I18 -> 0
A19: ='DIA 14'!A19 -> ZN | O19: =J19+C19 -> 0 | P19: =G19-B19 -> 0 | Q19: =N19-I19 -> 0
A20: ='DIA 14'!A20 -> CBP-001 (BAJO PERFIL) | O20: =J20+C20 -> 0 | P20: =G20-B20 -> 0 | Q20: =N20-I20 -> 0
A21: ='DIA 14'!A21 -> MG-105 | O21: =J21+C21 -> 0 | P21: =G21-B21 -> 0 | Q21: =N21-I21 -> 0
A22: ='DIA 14'!A22 -> MG-044 | O22: =J22+C22 -> 0 | P22: =G22-B22 -> 0 | Q22: =N22-I22 -> 0
A23: ='DIA 14'!A23 -> MG-085 (POLVORERA) | O23: =J23+C23 -> 0 | P23: =G23-B23 -> 0 | Q23: =N23-I23 -> 0
A24: ='DIA 14'!A24 -> MG-033 (PERSONAL) | O24: =J24+C24 -> 0 | P24: =G24-B24 -> 0 | Q24: =N24-I24 -> 0
A25: ='DIA 14'!A25 -> MG-113 | O25: =J25+C25 -> 0 | P25: =G25-B25 -> 0 | Q25: =N25-I25 -> 0
A26: ='DIA 14'!A26 -> MG-121 | O26: =J26+C26 -> 0 | P26: =G26-B26 -> 0 | Q26: =N26-I26 -> 0
A27: ='DIA 14'!A27 -> MG-086 | I27: 7404.5 | J27: 40 | K27: JOSE RIVERA | L27: CESAR | M27: JESUS | O27: =J27+C27 -> 40 | P27: =G27-B27 -> 0 | Q27: =N27-I27 -> -7404.5
A28: ='DIA 14'!A28 -> MG-111 | O28: =J28+C28 -> 0 | P28: =G28-B28 -> 0 | Q28: =N28-I28 -> 0
A29: ='DIA 14'!A29 -> MG-120 | O29: =J29+C29 -> 0 | P29: =G29-B29 -> 0 | Q29: =N29-I29 -> 0
A30: ='DIA 14'!A30 -> PROSERMIN | C30: 237 | J30: 80 | O30: =J30+C30 -> 317 | P30: =G30-B30 -> 0 | Q30: =N30-I30 -> 0
A31: ='DIA 14'!A31 -> ST-060 | O31: =J31+C31 -> 0 | P31: =G31-B31 -> 0 | Q31: =N31-I31 -> 0
A32: ='DIA 14'!A32 -> ST-53 | O32: =J32+C32 -> 0 | P32: =G32-B32 -> 0 | Q32: =N32-I32 -> 0
A33: ='DIA 14'!A33 -> ST-039 | B33: 9525 | C33: 206 | D33: TONY | E33: JOSE | F33: MANUEL | I33: 9533 | J33: 242 | K33: CARLOS | L33: CESAR | M33: JESUS | O33: =J33+C33 -> 448 | P33: =G33-B33 -> -9525 | Q33: =N33-I33 -> -9533
A34: ='DIA 14'!A34 -> JL-025 | O34: =J34+C34 -> 0 | P34: =G34-B34 -> 0 | Q34: =N34-I34 -> 0
A35: TOTALES | C35: =SUM(C7:C34) -> 605 | J35: =SUM(J7:J34) -> 575 | O35: =C35+J35 -> 1180
A43: NOMBRE Y FIRMA DE QUIEN AUTORIZA | G43: NOMBRE Y FIRMA DE ALMACEN | O43: ADMINISTRADOR
P45: 44237 | R45: 44244 | T45: 44251
O46: ACEITE | P46: TAMBO | Q46: LTS | R46: TAMBO | S46: LTS | T46: TAMBO | U46: LTS
O47: HIDRAULICO | P47: 3 | R47: 2 | S47: 140 | T47: 0 | U47: 155
O48: MOTOR | P48: 3 | Q48: 70 | R48: 2 | S48: 182 | T48: 2 | U48: 170
O49: DIFERENCIAL | P49: 1 | Q49: 137 | R49: 1 | S49: 137 | T49: 1 | U49: 160
O50: MAQ.PERF. | P50: 2 | Q50: 117 | R50: 2 | S50: 27 | T50: 1 | U50: 150
O51: DIFERENCIAL CAT | P51: 1 | Q51: 17 | R51: 1 | S51: 0 | T51: 0 | U51: 0
O52: HIDRAULICO CAT | P52: 1 | Q52: 36 | R52: 1 | S52: 0 | T52: 1 | U52: 77
O53: TRANSMICION | Q53: 76 | S53: 76 | T53: 1 | U53: 22.5
O54: ANTICONGELANTE | P54: 1 | Q54: 22 | R54: 1 | S54: 0 | T54: 0 | U54: 165.5
O55: GRASA | P55: 1 | Q55: 8 CUBETAS | R55: 0.5 | S55: 8CUBETAS | T55: 80 | U55: 9CUBETAS

Sheet DIA 16
B1: FECHA | E1: MGA CONTRATISTA MINERA S.A. DE C.V. | O1: ENTRADA DE DIESEL | P1: EXISTENCIA INICIAL DE DIESEL (LTS) | Q1: EXISTENCIA FINAL DE DIESEL (LTS)
B2: DIA | C2: MES | D2: AÑO | P2: ='DIA 15'!Q2+O2 -> 10631 | Q2: =P2-O35 -> 9208
A4: NO. DE EQUIPO | B4: PRIMER TURNO | I4: SEGUNDO TURNO
B6: Horometro Inicial 1ra | C6: DIESEL | D6: Nombre Operador | E6: Nombre Despachador | F6: Nombre del supervisor | G6: Horometro Final 1ra | I6: Horometro Inicial 2da | J6: =C6 -> DIESEL | K6: =D6 -> Nombre Operador | L6: =E6 -> Nombre Despachador | M6: =F6 -> Nombre del supervisor | N6: Horometro final 2da | O6: ='DIA 15'!O6 -> CONSUMO X DIA | P6: HRS 1ra | Q6: HRS 2da
A7: ='DIA 15'!A7 -> ST-031 (EPIROC 1030) | O7: =J7+C7 -> 0 | P7: =G7-B7 -> 0 | Q7: =N7-I7 -> 0
A8: ='DIA 15'!A8 -> ST-025 (1600) | B8: 27552.3 | C8: 166 | D8: OÑATE | E8: JOSE | O8: =J8+C8 -> 166 | P8: =G8-B8 -> -27552.3 | Q8: =N8-I8 -> 0
A9: ='DIA 15'!A9 -> ST-036 R1300 | B9: 9152.5 | C9: 161 | D9: ADALVERTO | E9: JOSE | I9: 4159.2 | J9: 154 | K9: JESUS | L9: CESAR | M9: JESUS | O9: =J9+C9 -> 315 | P9: =G9-B9 -> -9152.5 | Q9: =N9-I9 -> -4159.2
A10: ='DIA 15'!A10 -> ST-018 | O10: =J10+C10 -> 0 | P10: =G10-B10 -> 0 | Q10: =N10-I10 -> 0
A11: ='DIA 15'!A11 -> ST-034 KOMATSU | O11: =J11+C11 -> 0 | P11: =G11-B11 -> 0 | Q11: =N11-I11 -> 0
A12: ='DIA 15'!A12 -> JL-015 (DD311) | O12: =J12+C12 -> 0 | P12: =G12-B12 -> 0 | Q12: =N12-I12 -> 0
A13: ='DIA 15'!A13 -> JL-019 | O13: =J13+C13 -> 0 | P13: =G13-B13 -> 0 | Q13: =N13-I13 -> 0
A14: ='DIA 15'!A14 -> JL-024 CANNON | O14: =J14+C14 -> 0 | P14: =G14-B14 -> 0 | Q14: =N14-I14 -> 0
A15: ='DIA 15'!A15 -> JA-007 RESEMIN | I15: 776.8 | J15: 20 | K15: HILARIO | L15: CESAR | M15: JESUS | O15: =J15+C15 -> 20 | P15: =G15-B15 -> 0 | Q15: =N15-I15 -> -776.8
A16: ='DIA 15'!A16 -> JA-004 CANNON | O16: =J16+C16 -> 0 | P16: =G16-B16 -> 0 | Q16: =N16-I16 -> 0
A17: ='DIA 15'!A17 -> RE-009 (RETROEXCAVADORA) | B17: 6761.3 | C17: 28 | D17: CRISTIAN | E17: JOSE | O17: =J17+C17 -> 28 | P17: =G17-B17 -> -6761.3 | Q17: =N17-I17 -> 0
A18: ='DIA 15'!A18 -> RE-010 (RETROEXCAVADORA) | O18: =J18+C18 -> 0 | P18: =G18-B18 -> 0 | Q18: =N18-I18 -> 0
A19: ='DIA 15'!A19 -> ZN | O19: =J19+C19 -> 0 | P19: =G19-B19 -> 0 | Q19: =N19-I19 -> 0
A20: ='DIA 15'!A20 -> CBP-001 (BAJO PERFIL) | O20: =J20+C20 -> 0 | P20: =G20-B20 -> 0 | Q20: =N20-I20 -> 0
A21: ='DIA 15'!A21 -> MG-105 | B21: 309.3 | C21: 281 | D21: GERMAN | E21: JOSE | O21: =J21+C21 -> 281 | P21: =G21-B21 -> -309.3 | Q21: =N21-I21 -> 0
A22: ='DIA 15'!A22 -> MG-044 | O22: =J22+C22 -> 0 | P22: =G22-B22 -> 0 | Q22: =N22-I22 -> 0
A23: ='DIA 15'!A23 -> MG-085 (POLVORERA) | O23: =J23+C23 -> 0 | P23: =G23-B23 -> 0 | Q23: =N23-I23 -> 0
A24: ='DIA 15'!A24 -> MG-033 (PERSONAL) | O24: =J24+C24 -> 0 | P24: =G24-B24 -> 0 | Q24: =N24-I24 -> 0
A25: ='DIA 15'!A25 -> MG-113 | O25: =J25+C25 -> 0 | P25: =G25-B25 -> 0 | Q25: =N25-I25 -> 0
A26: ='DIA 15'!A26 -> MG-121 | O26: =J26+C26 -> 0 | P26: =G26-B26 -> 0 | Q26: =N26-I26 -> 0
A27: ='DIA 15'!A27 -> MG-086 | O27: =J27+C27 -> 0 | P27: =G27-B27 -> 0 | Q27: =N27-I27 -> 0
A28: ='DIA 15'!A28 -> MG-111 | O28: =J28+C28 -> 0 | P28: =G28-B28 -> 0 | Q28: =N28-I28 -> 0
A29: ='DIA 15'!A29 -> MG-120 | O29: =J29+C29 -> 0 | P29: =G29-B29 -> 0 | Q29: =N29-I29 -> 0
A30: ='DIA 15'!A30 -> PROSERMIN | C30: 241 | J30: 158 | O30: =J30+C30 -> 399 | P30: =G30-B30 -> 0 | Q30: =N30-I30 -> 0
A31: ='DIA 15'!A31 -> ST-060 | O31: =J31+C31 -> 0 | P31: =G31-B31 -> 0 | Q31: =N31-I31 -> 0
A32: ='DIA 15'!A32 -> ST-53 | O32: =J32+C32 -> 0 | P32: =G32-B32 -> 0 | Q32: =N32-I32 -> 0
A33: ='DIA 15'!A33 -> ST-039 | B33: 95423 | C33: 214 | D33: TONY | E33: JOSE | O33: =J33+C33 -> 214 | P33: =G33-B33 -> -95423 | Q33: =N33-I33 -> 0
A34: ='DIA 15'!A34 -> JL-025 | O34: =J34+C34 -> 0 | P34: =G34-B34 -> 0 | Q34: =N34-I34 -> 0
A35: TOTALES | C35: =SUM(C7:C34) -> 1091 | J35: =SUM(J7:J34) -> 332 | O35: =C35+J35 -> 1423
A43: NOMBRE Y FIRMA DE QUIEN AUTORIZA | G43: NOMBRE Y FIRMA DE ALMACEN | O43: ADMINISTRADOR
P45: 44237 | R45: 44244 | T45: 44251
O46: ACEITE | P46: TAMBO | Q46: LTS | R46: TAMBO | S46: LTS | T46: TAMBO | U46: LTS
O47: HIDRAULICO | P47: 3 | R47: 2 | S47: 140 | T47: 0 | U47: 155
O48: MOTOR | P48: 3 | Q48: 70 | R48: 2 | S48: 182 | T48: 2 | U48: 170
O49: DIFERENCIAL | P49: 1 | Q49: 137 | R49: 1 | S49: 137 | T49: 1 | U49: 160
O50: MAQ.PERF. | P50: 2 | Q50: 117 | R50: 2 | S50: 27 | T50: 1 | U50: 150
O51: DIFERENCIAL CAT | P51: 1 | Q51: 17 | R51: 1 | S51: 0 | T51: 0 | U51: 0
O52: HIDRAULICO CAT | P52: 1 | Q52: 36 | R52: 1 | S52: 0 | T52: 1 | U52: 77
O53: TRANSMICION | Q53: 76 | S53: 76 | T53: 1 | U53: 22.5
O54: ANTICONGELANTE | P54: 1 | Q54: 22 | R54: 1 | S54: 0 | T54: 0 | U54: 165.5
O55: GRASA | P55: 1 | Q55: 8 CUBETAS | R55: 0.5 | S55: 8CUBETAS | T55: 80 | U55: 9CUBETAS

Sheet DIA 17
B1: FECHA | E1: MGA CONTRATISTA MINERA S.A. DE C.V. | O1: ENTRADA DE DIESEL | P1: EXISTENCIA INICIAL DE DIESEL (LTS) | Q1: EXISTENCIA FINAL DE DIESEL (LTS)
B2: DIA | C2: MES | D2: AÑO | P2: ='DIA 16'!Q2+O2 -> 9208 | Q2: =P2-O35 -> 7374
A4: NO. DE EQUIPO | B4: PRIMER TURNO | I4: SEGUNDO TURNO
B6: Horometro Inicial 1ra | C6: DIESEL | D6: Nombre Operador | E6: Nombre Despachador | F6: Nombre del supervisor | G6: Horometro Final 1ra | I6: Horometro Inicial 2da | J6: =C6 -> DIESEL | K6: =D6 -> Nombre Operador | L6: =E6 -> Nombre Despachador | M6: =F6 -> Nombre del supervisor | N6: Horometro final 2da | O6: ='DIA 16'!O6 -> CONSUMO X DIA | P6: HRS 1ra | Q6: HRS 2da
A7: ='DIA 16'!A7 -> ST-031 (EPIROC 1030) | O7: =J7+C7 -> 0 | P7: =G7-B7 -> 0 | Q7: =N7-I7 -> 0
A8: ='DIA 16'!A8 -> ST-025 (1600) | O8: =J8+C8 -> 0 | P8: =G8-B8 -> 0 | Q8: =N8-I8 -> 0
A9: ='DIA 16'!A9 -> ST-036 R1300 | B9: 9164 | C9: 80 | D9: RAUL | E9: LUIS | F9: ROBERTO | I9: 1975.5 | J9: 86 | K9: ADLBERTO | L9: JOSE | O9: =J9+C9 -> 166 | P9: =G9-B9 -> -9164 | Q9: =N9-I9 -> -1975.5
A10: ='DIA 16'!A10 -> ST-018 | O10: =J10+C10 -> 0 | P10: =G10-B10 -> 0 | Q10: =N10-I10 -> 0
A11: ='DIA 16'!A11 -> ST-034 KOMATSU | O11: =J11+C11 -> 0 | P11: =G11-B11 -> 0 | Q11: =N11-I11 -> 0
A12: ='DIA 16'!A12 -> JL-015 (DD311) | J12: 51 | K12: SERGIO | L12: JOSE | O12: =J12+C12 -> 51 | P12: =G12-B12 -> 0 | Q12: =N12-I12 -> 0
A13: ='DIA 16'!A13 -> JL-019 | O13: =J13+C13 -> 0 | P13: =G13-B13 -> 0 | Q13: =N13-I13 -> 0
A14: ='DIA 16'!A14 -> JL-024 CANNON | O14: =J14+C14 -> 0 | P14: =G14-B14 -> 0 | Q14: =N14-I14 -> 0
A15: ='DIA 16'!A15 -> JA-007 RESEMIN | O15: =J15+C15 -> 0 | P15: =G15-B15 -> 0 | Q15: =N15-I15 -> 0
A16: ='DIA 16'!A16 -> JA-004 CANNON | O16: =J16+C16 -> 0 | P16: =G16-B16 -> 0 | Q16: =N16-I16 -> 0
A17: ='DIA 16'!A17 -> RE-009 (RETROEXCAVADORA) | I17: 6783 | J17: 69 | K17: CRISTIAN | L17: JOSE | O17: =J17+C17 -> 69 | P17: =G17-B17 -> 0 | Q17: =N17-I17 -> -6783
A18: ='DIA 16'!A18 -> RE-010 (RETROEXCAVADORA) | O18: =J18+C18 -> 0 | P18: =G18-B18 -> 0 | Q18: =N18-I18 -> 0
A19: ='DIA 16'!A19 -> ZN | O19: =J19+C19 -> 0 | P19: =G19-B19 -> 0 | Q19: =N19-I19 -> 0
A20: ='DIA 16'!A20 -> CBP-001 (BAJO PERFIL) | O20: =J20+C20 -> 0 | P20: =G20-B20 -> 0 | Q20: =N20-I20 -> 0
A21: ='DIA 16'!A21 -> MG-105 | O21: =J21+C21 -> 0 | P21: =G21-B21 -> 0 | Q21: =N21-I21 -> 0
A22: ='DIA 16'!A22 -> MG-044 | O22: =J22+C22 -> 0 | P22: =G22-B22 -> 0 | Q22: =N22-I22 -> 0
A23: ='DIA 16'!A23 -> MG-085 (POLVORERA) | B23: 47821 | C23: 156 | D23: OSCAR | E23: LUIS | F23: ROBERTO | O23: =J23+C23 -> 156 | P23: =G23-B23 -> -47821 | Q23: =N23-I23 -> 0
A24: ='DIA 16'!A24 -> MG-033 (PERSONAL) | O24: =J24+C24 -> 0 | P24: =G24-B24 -> 0 | Q24: =N24-I24 -> 0
A25: ='DIA 16'!A25 -> MG-113 | O25: =J25+C25 -> 0 | P25: =G25-B25 -> 0 | Q25: =N25-I25 -> 0
A26: ='DIA 16'!A26 -> MG-121 | O26: =J26+C26 -> 0 | P26: =G26-B26 -> 0 | Q26: =N26-I26 -> 0
A27: ='DIA 16'!A27 -> MG-086 | O27: =J27+C27 -> 0 | P27: =G27-B27 -> 0 | Q27: =N27-I27 -> 0
A28: ='DIA 16'!A28 -> MG-111 | O28: =J28+C28 -> 0 | P28: =G28-B28 -> 0 | Q28: =N28-I28 -> 0
A29: ='DIA 16'!A29 -> MG-120 | O29: =J29+C29 -> 0 | P29: =G29-B29 -> 0 | Q29: =N29-I29 -> 0
A30: ='DIA 16'!A30 -> PROSERMIN | C30: 750 | J30: 102 | O30: =J30+C30 -> 852 | P30: =G30-B30 -> 0 | Q30: =N30-I30 -> 0
A31: ='DIA 16'!A31 -> ST-060 | O31: =J31+C31 -> 0 | P31: =G31-B31 -> 0 | Q31: =N31-I31 -> 0
A32: ='DIA 16'!A32 -> ST-53 | O32: =J32+C32 -> 0 | P32: =G32-B32 -> 0 | Q32: =N32-I32 -> 0
A33: ='DIA 16'!A33 -> ST-039 | B33: 9551.6 | C33: 229 | D33: TONY | E33: LUIS | F33: ROBERTO | I33: 9558 | J33: 267 | K33: OÑATE | L33: JOSE | O33: =J33+C33 -> 496 | P33: =G33-B33 -> -9551.6 | Q33: =N33-I33 -> -9558
A34: ='DIA 16'!A34 -> JL-025 | B34: 4189 | C34: 44 | D34: LEONEL | E34: LUIS | F34: ROBERTO | O34: =J34+C34 -> 44 | P34: =G34-B34 -> -4189 | Q34: =N34-I34 -> 0
A35: TOTALES | C35: =SUM(C7:C34) -> 1259 | J35: =SUM(J7:J34) -> 575 | O35: =C35+J35 -> 1834
A43: NOMBRE Y FIRMA DE QUIEN AUTORIZA | G43: NOMBRE Y FIRMA DE ALMACEN | O43: ADMINISTRADOR
P45: 44237 | R45: 44244 | T45: 44251
O46: ACEITE | P46: TAMBO | Q46: LTS | R46: TAMBO | S46: LTS | T46: TAMBO | U46: LTS
O47: HIDRAULICO | P47: 3 | R47: 2 | S47: 140 | T47: 0 | U47: 155
O48: MOTOR | P48: 3 | Q48: 70 | R48: 2 | S48: 182 | T48: 2 | U48: 170
O49: DIFERENCIAL | P49: 1 | Q49: 137 | R49: 1 | S49: 137 | T49: 1 | U49: 160
O50: MAQ.PERF. | P50: 2 | Q50: 117 | R50: 2 | S50: 27 | T50: 1 | U50: 150
O51: DIFERENCIAL CAT | P51: 1 | Q51: 17 | R51: 1 | S51: 0 | T51: 0 | U51: 0
O52: HIDRAULICO CAT | P52: 1 | Q52: 36 | R52: 1 | S52: 0 | T52: 1 | U52: 77
O53: TRANSMICION | Q53: 76 | S53: 76 | T53: 1 | U53: 22.5
O54: ANTICONGELANTE | P54: 1 | Q54: 22 | R54: 1 | S54: 0 | T54: 0 | U54: 165.5
O55: GRASA | P55: 1 | Q55: 8 CUBETAS | R55: 0.5 | S55: 8CUBETAS | T55: 80 | U55: 9CUBETAS

Sheet DIA 18
B1: FECHA | E1: MGA CONTRATISTA MINERA S.A. DE C.V. | O1: ENTRADA DE DIESEL | P1: EXISTENCIA INICIAL DE DIESEL (LTS) | Q1: EXISTENCIA FINAL DE DIESEL (LTS)
B2: DIA | C2: MES | D2: AÑO | P2: ='DIA 17'!Q2+O2 -> 7374 | Q2: =P2-O35 -> 5536
A4: NO. DE EQUIPO | B4: PRIMER TURNO | I4: SEGUNDO TURNO
B6: Horometro Inicial 1ra | C6: DIESEL | D6: Nombre Operador | E6: Nombre Despachador | F6: Nombre del supervisor | G6: Horometro Final 1ra | I6: Horometro Inicial 2da | J6: =C6 -> DIESEL | K6: =D6 -> Nombre Operador | L6: =E6 -> Nombre Despachador | M6: =F6 -> Nombre del supervisor | N6: Horometro final 2da | O6: ='DIA 17'!O6 -> CONSUMO X DIA | P6: HRS 1ra | Q6: HRS 2da
A7: ='DIA 17'!A7 -> ST-031 (EPIROC 1030) | O7: =J7+C7 -> 0 | P7: =G7-B7 -> 0 | Q7: =N7-I7 -> 0
A8: ='DIA 17'!A8 -> ST-025 (1600) | O8: =J8+C8 -> 0 | P8: =G8-B8 -> 0 | Q8: =N8-I8 -> 0
A9: ='DIA 17'!A9 -> ST-036 R1300 | B9: 9180 | C9: 217 | D9: RAUL | E9: LUIS | F9: ROBERTO | I9: 91886 | J9: 173 | K9: ADALBERTO | L9: JOSE | O9: =J9+C9 -> 390 | P9: =G9-B9 -> -9180 | Q9: =N9-I9 -> -91886
A10: ='DIA 17'!A10 -> ST-018 | O10: =J10+C10 -> 0 | P10: =G10-B10 -> 0 | Q10: =N10-I10 -> 0
A11: ='DIA 17'!A11 -> ST-034 KOMATSU | O11: =J11+C11 -> 0 | P11: =G11-B11 -> 0 | Q11: =N11-I11 -> 0
A12: ='DIA 17'!A12 -> JL-015 (DD311) | O12: =J12+C12 -> 0 | P12: =G12-B12 -> 0 | Q12: =N12-I12 -> 0
A13: ='DIA 17'!A13 -> JL-019 | O13: =J13+C13 -> 0 | P13: =G13-B13 -> 0 | Q13: =N13-I13 -> 0
A14: ='DIA 17'!A14 -> JL-024 CANNON | O14: =J14+C14 -> 0 | P14: =G14-B14 -> 0 | Q14: =N14-I14 -> 0
A15: ='DIA 17'!A15 -> JA-007 RESEMIN | O15: =J15+C15 -> 0 | P15: =G15-B15 -> 0 | Q15: =N15-I15 -> 0
A16: ='DIA 17'!A16 -> JA-004 CANNON | O16: =J16+C16 -> 0 | P16: =G16-B16 -> 0 | Q16: =N16-I16 -> 0
A17: ='DIA 17'!A17 -> RE-009 (RETROEXCAVADORA) | I17: 67985 | J17: 41 | K17: CRISTIAN | L17: JOSE | O17: =J17+C17 -> 41 | P17: =G17-B17 -> 0 | Q17: =N17-I17 -> -67985
A18: ='DIA 17'!A18 -> RE-010 (RETROEXCAVADORA) | O18: =J18+C18 -> 0 | P18: =G18-B18 -> 0 | Q18: =N18-I18 -> 0
A19: ='DIA 17'!A19 -> ZN | O19: =J19+C19 -> 0 | P19: =G19-B19 -> 0 | Q19: =N19-I19 -> 0
A20: ='DIA 17'!A20 -> CBP-001 (BAJO PERFIL) | B20: 48151 | C20: 131 | D20: OSCAR | E20: LUIS | F20: ROBERTO | I20: 49071 | J20: 92 | K20: LUIS | L20: JOSE | O20: =J20+C20 -> 223 | P20: =G20-B20 -> -48151 | Q20: =N20-I20 -> -49071
A21: ='DIA 17'!A21 -> MG-105 | O21: =J21+C21 -> 0 | P21: =G21-B21 -> 0 | Q21: =N21-I21 -> 0
A22: ='DIA 17'!A22 -> MG-044 | O22: =J22+C22 -> 0 | P22: =G22-B22 -> 0 | Q22: =N22-I22 -> 0
A23: ='DIA 17'!A23 -> MG-085 (POLVORERA) | O23: =J23+C23 -> 0 | P23: =G23-B23 -> 0 | Q23: =N23-I23 -> 0
A24: ='DIA 17'!A24 -> MG-033 (PERSONAL) | O24: =J24+C24 -> 0 | P24: =G24-B24 -> 0 | Q24: =N24-I24 -> 0
A25: ='DIA 17'!A25 -> MG-113 | O25: =J25+C25 -> 0 | P25: =G25-B25 -> 0 | Q25: =N25-I25 -> 0
A26: ='DIA 17'!A26 -> MG-121 | O26: =J26+C26 -> 0 | P26: =G26-B26 -> 0 | Q26: =N26-I26 -> 0
A27: ='DIA 17'!A27 -> MG-086 | O27: =J27+C27 -> 0 | P27: =G27-B27 -> 0 | Q27: =N27-I27 -> 0
A28: ='DIA 17'!A28 -> MG-111 | O28: =J28+C28 -> 0 | P28: =G28-B28 -> 0 | Q28: =N28-I28 -> 0
A29: ='DIA 17'!A29 -> MG-120 | O29: =J29+C29 -> 0 | P29: =G29-B29 -> 0 | Q29: =N29-I29 -> 0
A30: ='DIA 17'!A30 -> PROSERMIN | C30: 567 | J30: 246 | O30: =J30+C30 -> 813 | P30: =G30-B30 -> 0 | Q30: =N30-I30 -> 0
A31: ='DIA 17'!A31 -> ST-060 | O31: =J31+C31 -> 0 | P31: =G31-B31 -> 0 | Q31: =N31-I31 -> 0
A32: ='DIA 17'!A32 -> ST-53 | O32: =J32+C32 -> 0 | P32: =G32-B32 -> 0 | Q32: =N32-I32 -> 0
A33: ='DIA 17'!A33 -> ST-039 | B33: 9576.6 | C33: 210 | D33: TONY | E33: LUIS | F33: ROBERTO | I33: 95861 | J33: 161 | K33: OÑATE | L33: JOSE | O33: =J33+C33 -> 371 | P33: =G33-B33 -> -9576.6 | Q33: =N33-I33 -> -95861
A34: ='DIA 17'!A34 -> JL-025 | O34: =J34+C34 -> 0 | P34: =G34-B34 -> 0 | Q34: =N34-I34 -> 0
A35: TOTALES | C35: =SUM(C7:C34) -> 1125 | J35: =SUM(J7:J34) -> 713 | O35: =C35+J35 -> 1838
A43: NOMBRE Y FIRMA DE QUIEN AUTORIZA | G43: NOMBRE Y FIRMA DE ALMACEN | O43: ADMINISTRADOR
P45: 44237 | R45: 44244 | T45: 44251
O46: ACEITE | P46: TAMBO | Q46: LTS | R46: TAMBO | S46: LTS | T46: TAMBO | U46: LTS
O47: HIDRAULICO | P47: 3 | R47: 2 | S47: 140 | T47: 0 | U47: 155
O48: MOTOR | P48: 3 | Q48: 70 | R48: 2 | S48: 182 | T48: 2 | U48: 170
O49: DIFERENCIAL | P49: 1 | Q49: 137 | R49: 1 | S49: 137 | T49: 1 | U49: 160
O50: MAQ.PERF. | P50: 2 | Q50: 117 | R50: 2 | S50: 27 | T50: 1 | U50: 150
O51: DIFERENCIAL CAT | P51: 1 | Q51: 17 | R51: 1 | S51: 0 | T51: 0 | U51: 0
O52: HIDRAULICO CAT | P52: 1 | Q52: 36 | R52: 1 | S52: 0 | T52: 1 | U52: 77
O53: TRANSMICION | Q53: 76 | S53: 76 | T53: 1 | U53: 22.5
O54: ANTICONGELANTE | P54: 1 | Q54: 22 | R54: 1 | S54: 0 | T54: 0 | U54: 165.5
O55: GRASA | P55: 1 | Q55: 8 CUBETAS | R55: 0.5 | S55: 8CUBETAS | T55: 80 | U55: 9CUBETAS

Sheet DIA 19
B1: FECHA | E1: MGA CONTRATISTA MINERA S.A. DE C.V. | O1: ENTRADA DE DIESEL | P1: EXISTENCIA INICIAL DE DIESEL (LTS) | Q1: EXISTENCIA FINAL DE DIESEL (LTS)
B2: DIA | C2: MES | D2: AÑO | O2: 1700 | P2: ='DIA 18'!Q2+O2 -> 7236 | Q2: =P2-O35 -> 6074
A4: NO. DE EQUIPO | B4: PRIMER TURNO | I4: SEGUNDO TURNO
B6: Horometro Inicial 1ra | C6: DIESEL | D6: Nombre Operador | E6: Nombre Despachador | F6: Nombre del supervisor | G6: Horometro Final 1ra | I6: Horometro Inicial 2da | J6: =C6 -> DIESEL | K6: =D6 -> Nombre Operador | L6: =E6 -> Nombre Despachador | M6: =F6 -> Nombre del supervisor | N6: Horometro final 2da | O6: ='DIA 18'!O6 -> CONSUMO X DIA | P6: HRS 1ra | Q6: HRS 2da
A7: ='DIA 18'!A7 -> ST-031 (EPIROC 1030) | O7: =J7+C7 -> 0 | P7: =G7-B7 -> 0 | Q7: =N7-I7 -> 0
A8: ='DIA 18'!A8 -> ST-025 (1600) | O8: =J8+C8 -> 0 | P8: =G8-B8 -> 0 | Q8: =N8-I8 -> 0
A9: ='DIA 18'!A9 -> ST-036 R1300 | B9: 9192 | C9: 120 | E9: LUIS | I9: 92049 | J9: 159 | K9: ALBERTO | L9: JOSE | O9: =J9+C9 -> 279 | P9: =G9-B9 -> -9192 | Q9: =N9-I9 -> -92049
A10: ='DIA 18'!A10 -> ST-018 | O10: =J10+C10 -> 0 | P10: =G10-B10 -> 0 | Q10: =N10-I10 -> 0
A11: ='DIA 18'!A11 -> ST-034 KOMATSU | O11: =J11+C11 -> 0 | P11: =G11-B11 -> 0 | Q11: =N11-I11 -> 0
A12: ='DIA 18'!A12 -> JL-015 (DD311) | O12: =J12+C12 -> 0 | P12: =G12-B12 -> 0 | Q12: =N12-I12 -> 0
A13: ='DIA 18'!A13 -> JL-019 | O13: =J13+C13 -> 0 | P13: =G13-B13 -> 0 | Q13: =N13-I13 -> 0
A14: ='DIA 18'!A14 -> JL-024 CANNON | O14: =J14+C14 -> 0 | P14: =G14-B14 -> 0 | Q14: =N14-I14 -> 0
A15: ='DIA 18'!A15 -> JA-007 RESEMIN | B15: 7836 | C15: 49 | D15: CARLOS | E15: LUIS | O15: =J15+C15 -> 49 | P15: =G15-B15 -> -7836 | Q15: =N15-I15 -> 0
A16: ='DIA 18'!A16 -> JA-004 CANNON | O16: =J16+C16 -> 0 | P16: =G16-B16 -> 0 | Q16: =N16-I16 -> 0
A17: ='DIA 18'!A17 -> RE-009 (RETROEXCAVADORA) | I17: 6813 | J17: 49 | K17: CRISTIAN | O17: =J17+C17 -> 49 | P17: =G17-B17 -> 0 | Q17: =N17-I17 -> -6813
A18: ='DIA 18'!A18 -> RE-010 (RETROEXCAVADORA) | O18: =J18+C18 -> 0 | P18: =G18-B18 -> 0 | Q18: =N18-I18 -> 0
A19: ='DIA 18'!A19 -> ZN | O19: =J19+C19 -> 0 | P19: =G19-B19 -> 0 | Q19: =N19-I19 -> 0
A20: ='DIA 18'!A20 -> CBP-001 (BAJO PERFIL) | O20: =J20+C20 -> 0 | P20: =G20-B20 -> 0 | Q20: =N20-I20 -> 0
A21: ='DIA 18'!A21 -> MG-105 | O21: =J21+C21 -> 0 | P21: =G21-B21 -> 0 | Q21: =N21-I21 -> 0
A22: ='DIA 18'!A22 -> MG-044 | O22: =J22+C22 -> 0 | P22: =G22-B22 -> 0 | Q22: =N22-I22 -> 0
A23: ='DIA 18'!A23 -> MG-085 (POLVORERA) | O23: =J23+C23 -> 0 | P23: =G23-B23 -> 0 | Q23: =N23-I23 -> 0
A24: ='DIA 18'!A24 -> MG-033 (PERSONAL) | B24: 714.34 | C24: 50 | D24: PAYAN | E24: LUIS | O24: =J24+C24 -> 50 | P24: =G24-B24 -> -714.34 | Q24: =N24-I24 -> 0
A25: ='DIA 18'!A25 -> MG-113 | O25: =J25+C25 -> 0 | P25: =G25-B25 -> 0 | Q25: =N25-I25 -> 0
A26: ='DIA 18'!A26 -> MG-121 | O26: =J26+C26 -> 0 | P26: =G26-B26 -> 0 | Q26: =N26-I26 -> 0
A27: ='DIA 18'!A27 -> MG-086 | O27: =J27+C27 -> 0 | P27: =G27-B27 -> 0 | Q27: =N27-I27 -> 0
A28: ='DIA 18'!A28 -> MG-111 | O28: =J28+C28 -> 0 | P28: =G28-B28 -> 0 | Q28: =N28-I28 -> 0
A29: ='DIA 18'!A29 -> MG-120 | O29: =J29+C29 -> 0 | P29: =G29-B29 -> 0 | Q29: =N29-I29 -> 0
A30: ='DIA 18'!A30 -> PROSERMIN | C30: 537 | J30: 198 | O30: =J30+C30 -> 735 | P30: =G30-B30 -> 0 | Q30: =N30-I30 -> 0
A31: ='DIA 18'!A31 -> ST-060 | O31: =J31+C31 -> 0 | P31: =G31-B31 -> 0 | Q31: =N31-I31 -> 0
A32: ='DIA 18'!A32 -> ST-53 | O32: =J32+C32 -> 0 | P32: =G32-B32 -> 0 | Q32: =N32-I32 -> 0
A33: ='DIA 18'!A33 -> ST-039 | O33: =J33+C33 -> 0 | P33: =G33-B33 -> 0 | Q33: =N33-I33 -> 0
A34: ='DIA 18'!A34 -> JL-025 | O34: =J34+C34 -> 0 | P34: =G34-B34 -> 0 | Q34: =N34-I34 -> 0
A35: TOTALES | C35: =SUM(C7:C34) -> 756 | J35: =SUM(J7:J34) -> 406 | O35: =C35+J35 -> 1162
A43: NOMBRE Y FIRMA DE QUIEN AUTORIZA | G43: NOMBRE Y FIRMA DE ALMACEN | O43: ADMINISTRADOR
P45: 44237 | R45: 44244 | T45: 44251
O46: ACEITE | P46: TAMBO | Q46: LTS | R46: TAMBO | S46: LTS | T46: TAMBO | U46: LTS
O47: HIDRAULICO | P47: 3 | R47: 2 | S47: 140 | T47: 0 | U47: 155
O48: MOTOR | P48: 3 | Q48: 70 | R48: 2 | S48: 182 | T48: 2 | U48: 170
O49: DIFERENCIAL | P49: 1 | Q49: 137 | R49: 1 | S49: 137 | T49: 1 | U49: 160
O50: MAQ.PERF. | P50: 2 | Q50: 117 | R50: 2 | S50: 27 | T50: 1 | U50: 150
O51: DIFERENCIAL CAT | P51: 1 | Q51: 17 | R51: 1 | S51: 0 | T51: 0 | U51: 0
O52: HIDRAULICO CAT | P52: 1 | Q52: 36 | R52: 1 | S52: 0 | T52: 1 | U52: 77
O53: TRANSMICION | Q53: 76 | S53: 76 | T53: 1 | U53: 22.5
O54: ANTICONGELANTE | P54: 1 | Q54: 22 | R54: 1 | S54: 0 | T54: 0 | U54: 165.5
O55: GRASA | P55: 1 | Q55: 8 CUBETAS | R55: 0.5 | S55: 8CUBETAS | T55: 80 | U55: 9CUBETAS

Sheet DIA 20
B1: FECHA | E1: MGA CONTRATISTA MINERA S.A. DE C.V. | O1: ENTRADA DE DIESEL | P1: EXISTENCIA INICIAL DE DIESEL (LTS) | Q1: EXISTENCIA FINAL DE DIESEL (LTS)
B2: DIA | C2: MES | D2: AÑO | O2: 14000 | P2: ='DIA 19'!Q2+O2 -> 20074 | Q2: =P2-O35 -> 18422
A4: NO. DE EQUIPO | B4: PRIMER TURNO | I4: SEGUNDO TURNO
B6: Horometro Inicial 1ra | C6: DIESEL | D6: Nombre Operador | E6: Nombre Despachador | F6: Nombre del supervisor | G6: Horometro Final 1ra | I6: Horometro Inicial 2da | J6: =C6 -> DIESEL | K6: =D6 -> Nombre Operador | L6: =E6 -> Nombre Despachador | M6: =F6 -> Nombre del supervisor | N6: Horometro final 2da | O6: ='DIA 19'!O6 -> CONSUMO X DIA | P6: HRS 1ra | Q6: HRS 2da
A7: ='DIA 19'!A7 -> ST-031 (EPIROC 1030) | O7: =J7+C7 -> 0 | P7: =G7-B7 -> 0 | Q7: =N7-I7 -> 0
A8: ='DIA 19'!A8 -> ST-025 (1600) | O8: =J8+C8 -> 0 | P8: =G8-B8 -> 0 | Q8: =N8-I8 -> 0
A9: ='DIA 19'!A9 -> ST-036 R1300 | B9: 9212 | C9: 116 | D9: RAUL | E9: LUIS | F9: ROBERTO | I9: 9217.6 | J9: 128 | K9: ADALBETO | L9: JOSE | M9: MANUEL | O9: =J9+C9 -> 244 | P9: =G9-B9 -> -9212 | Q9: =N9-I9 -> -9217.6
A10: ='DIA 19'!A10 -> ST-018 | O10: =J10+C10 -> 0 | P10: =G10-B10 -> 0 | Q10: =N10-I10 -> 0
A11: ='DIA 19'!A11 -> ST-034 KOMATSU | O11: =J11+C11 -> 0 | P11: =G11-B11 -> 0 | Q11: =N11-I11 -> 0
A12: ='DIA 19'!A12 -> JL-015 (DD311) | J12: 49 | K12: SERGIO | L12: JOSE | M12: MANUEL | O12: =J12+C12 -> 49 | P12: =G12-B12 -> 0 | Q12: =N12-I12 -> 0
A13: ='DIA 19'!A13 -> JL-019 | O13: =J13+C13 -> 0 | P13: =G13-B13 -> 0 | Q13: =N13-I13 -> 0
A14: ='DIA 19'!A14 -> JL-024 CANNON | O14: =J14+C14 -> 0 | P14: =G14-B14 -> 0 | Q14: =N14-I14 -> 0
A15: ='DIA 19'!A15 -> JA-007 RESEMIN | O15: =J15+C15 -> 0 | P15: =G15-B15 -> 0 | Q15: =N15-I15 -> 0
A16: ='DIA 19'!A16 -> JA-004 CANNON | O16: =J16+C16 -> 0 | P16: =G16-B16 -> 0 | Q16: =N16-I16 -> 0
A17: ='DIA 19'!A17 -> RE-009 (RETROEXCAVADORA) | I17: 6829 | J17: 68 | K17: CRISTIAN | L17: JOSE | M17: MANUEL | O17: =J17+C17 -> 68 | P17: =G17-B17 -> 0 | Q17: =N17-I17 -> -6829
A18: ='DIA 19'!A18 -> RE-010 (RETROEXCAVADORA) | O18: =J18+C18 -> 0 | P18: =G18-B18 -> 0 | Q18: =N18-I18 -> 0
A19: ='DIA 19'!A19 -> ZN | O19: =J19+C19 -> 0 | P19: =G19-B19 -> 0 | Q19: =N19-I19 -> 0
A20: ='DIA 19'!A20 -> CBP-001 (BAJO PERFIL) | O20: =J20+C20 -> 0 | P20: =G20-B20 -> 0 | Q20: =N20-I20 -> 0
A21: ='DIA 19'!A21 -> MG-105 | O21: =J21+C21 -> 0 | P21: =G21-B21 -> 0 | Q21: =N21-I21 -> 0
A22: ='DIA 19'!A22 -> MG-044 | O22: =J22+C22 -> 0 | P22: =G22-B22 -> 0 | Q22: =N22-I22 -> 0
A23: ='DIA 19'!A23 -> MG-085 (POLVORERA) | O23: =J23+C23 -> 0 | P23: =G23-B23 -> 0 | Q23: =N23-I23 -> 0
A24: ='DIA 19'!A24 -> MG-033 (PERSONAL) | O24: =J24+C24 -> 0 | P24: =G24-B24 -> 0 | Q24: =N24-I24 -> 0
A25: ='DIA 19'!A25 -> MG-113 | I25: 24335 | J25: 71 | K25: ROGELIO | L25: JOSE | M25: MANUEL | O25: =J25+C25 -> 71 | P25: =G25-B25 -> 0 | Q25: =N25-I25 -> -24335
A26: ='DIA 19'!A26 -> MG-121 | B26: 26530 | C26: 47 | D26: EVER | E26: LUIS | F26: ROBERTO | O26: =J26+C26 -> 47 | P26: =G26-B26 -> -26530 | Q26: =N26-I26 -> 0
A27: ='DIA 19'!A27 -> MG-086 | O27: =J27+C27 -> 0 | P27: =G27-B27 -> 0 | Q27: =N27-I27 -> 0
A28: ='DIA 19'!A28 -> MG-111 | O28: =J28+C28 -> 0 | P28: =G28-B28 -> 0 | Q28: =N28-I28 -> 0
A29: ='DIA 19'!A29 -> MG-120 | O29: =J29+C29 -> 0 | P29: =G29-B29 -> 0 | Q29: =N29-I29 -> 0
A30: ='DIA 19'!A30 -> PROSERMIN | C30: 554 | J30: 222 | O30: =J30+C30 -> 776 | P30: =G30-B30 -> 0 | Q30: =N30-I30 -> 0
A31: ='DIA 19'!A31 -> ST-060 | O31: =J31+C31 -> 0 | P31: =G31-B31 -> 0 | Q31: =N31-I31 -> 0
A32: ='DIA 19'!A32 -> ST-53 | O32: =J32+C32 -> 0 | P32: =G32-B32 -> 0 | Q32: =N32-I32 -> 0
A33: ='DIA 19'!A33 -> ST-039 | B33: 9603 | C33: 159 | D33: TONY | E33: LUIS | F33: ROBERTO | I33: 9611.9 | J33: 204 | K33: OÑATE | L33: JOSE | M33: MANUEL | O33: =J33+C33 -> 363 | P33: =G33-B33 -> -9603 | Q33: =N33-I33 -> -9611.9
A34: ='DIA 19'!A34 -> JL-025 | I34: 4198.2 | J34: 34 | K34: NATIVIDAD | L34: JOSE | M34: MANUEL | O34: =J34+C34 -> 34 | P34: =G34-B34 -> 0 | Q34: =N34-I34 -> -4198.2
A35: TOTALES | C35: =SUM(C7:C34) -> 876 | J35: =SUM(J7:J34) -> 776 | O35: =C35+J35 -> 1652
A43: NOMBRE Y FIRMA DE QUIEN AUTORIZA | G43: NOMBRE Y FIRMA DE ALMACEN | O43: ADMINISTRADOR
P45: 44237 | R45: 44244 | T45: 44251
O46: ACEITE | P46: TAMBO | Q46: LTS | R46: TAMBO | S46: LTS | T46: TAMBO | U46: LTS
O47: HIDRAULICO | P47: 3 | R47: 2 | S47: 140 | T47: 0 | U47: 155
O48: MOTOR | P48: 3 | Q48: 70 | R48: 2 | S48: 182 | T48: 2 | U48: 170
O49: DIFERENCIAL | P49: 1 | Q49: 137 | R49: 1 | S49: 137 | T49: 1 | U49: 160
O50: MAQ.PERF. | P50: 2 | Q50: 117 | R50: 2 | S50: 27 | T50: 1 | U50: 150
O51: DIFERENCIAL CAT | P51: 1 | Q51: 17 | R51: 1 | S51: 0 | T51: 0 | U51: 0
O52: HIDRAULICO CAT | P52: 1 | Q52: 36 | R52: 1 | S52: 0 | T52: 1 | U52: 77
O53: TRANSMICION | Q53: 76 | S53: 76 | T53: 1 | U53: 22.5
O54: ANTICONGELANTE | P54: 1 | Q54: 22 | R54: 1 | S54: 0 | T54: 0 | U54: 165.5
O55: GRASA | P55: 1 | Q55: 8 CUBETAS | R55: 0.5 | S55: 8CUBETAS | T55: 80 | U55: 9CUBETAS

Sheet DIA 21
B1: FECHA | E1: MGA CONTRATISTA MINERA S.A. DE C.V. | O1: ENTRADA DE DIESEL | P1: EXISTENCIA INICIAL DE DIESEL (LTS) | Q1: EXISTENCIA FINAL DE DIESEL (LTS)
B2: DIA | C2: MES | D2: AÑO | P2: ='DIA 20'!Q2+O2 -> 18422 | Q2: =P2-O35 -> 16671
A4: NO. DE EQUIPO | B4: PRIMER TURNO | I4: SEGUNDO TURNO
B6: Horometro Inicial 1ra | C6: DIESEL | D6: Nombre Operador | E6: Nombre Despachador | F6: Nombre del supervisor | G6: Horometro Final 1ra | I6: Horometro Inicial 2da | J6: =C6 -> DIESEL | K6: =D6 -> Nombre Operador | L6: =E6 -> Nombre Despachador | M6: =F6 -> Nombre del supervisor | N6: Horometro final 2da | O6: ='DIA 20'!O6 -> CONSUMO X DIA | P6: HRS 1ra | Q6: HRS 2da
A7: ='DIA 20'!A7 -> ST-031 (EPIROC 1030) | O7: =J7+C7 -> 0 | P7: =G7-B7 -> 0 | Q7: =N7-I7 -> 0
A8: ='DIA 20'!A8 -> ST-025 (1600) | I8: 2756 | J8: 149 | K8: OÑATE | L8: JOSE | M8: MANUEL | O8: =J8+C8 -> 149 | P8: =G8-B8 -> 0 | Q8: =N8-I8 -> -2756
A9: ='DIA 20'!A9 -> ST-036 R1300 | I9: 9228.1 | J9: 196 | K9: ADALBERTO | L9: JOSE | M9: MANUEL | O9: =J9+C9 -> 196 | P9: =G9-B9 -> 0 | Q9: =N9-I9 -> -9228.1
A10: ='DIA 20'!A10 -> ST-018 | B10: 9636 | C10: 69 | D10: RAUL | E10: LUIS | F10: ROBERTO | O10: =J10+C10 -> 69 | P10: =G10-B10 -> -9636 | Q10: =N10-I10 -> 0
A11: ='DIA 20'!A11 -> ST-034 KOMATSU | O11: =J11+C11 -> 0 | P11: =G11-B11 -> 0 | Q11: =N11-I11 -> 0
A12: ='DIA 20'!A12 -> JL-015 (DD311) | O12: =J12+C12 -> 0 | P12: =G12-B12 -> 0 | Q12: =N12-I12 -> 0
A13: ='DIA 20'!A13 -> JL-019 | O13: =J13+C13 -> 0 | P13: =G13-B13 -> 0 | Q13: =N13-I13 -> 0
A14: ='DIA 20'!A14 -> JL-024 CANNON | O14: =J14+C14 -> 0 | P14: =G14-B14 -> 0 | Q14: =N14-I14 -> 0
A15: ='DIA 20'!A15 -> JA-007 RESEMIN | O15: =J15+C15 -> 0 | P15: =G15-B15 -> 0 | Q15: =N15-I15 -> 0
A16: ='DIA 20'!A16 -> JA-004 CANNON | B16: 2416.6 | C16: 134 | D16: ODIN | E16: LUIS | F16: ROBERTO | O16: =J16+C16 -> 134 | P16: =G16-B16 -> -2416.6 | Q16: =N16-I16 -> 0
A17: ='DIA 20'!A17 -> RE-009 (RETROEXCAVADORA) | O17: =J17+C17 -> 0 | P17: =G17-B17 -> 0 | Q17: =N17-I17 -> 0
A18: ='DIA 20'!A18 -> RE-010 (RETROEXCAVADORA) | O18: =J18+C18 -> 0 | P18: =G18-B18 -> 0 | Q18: =N18-I18 -> 0
A19: ='DIA 20'!A19 -> ZN | O19: =J19+C19 -> 0 | P19: =G19-B19 -> 0 | Q19: =N19-I19 -> 0
A20: ='DIA 20'!A20 -> CBP-001 (BAJO PERFIL) | B20: 50671 | C20: 171 | D20: OSCAR | E20: LUIS | F20: ROBERTO | O20: =J20+C20 -> 171 | P20: =G20-B20 -> -50671 | Q20: =N20-I20 -> 0
A21: ='DIA 20'!A21 -> MG-105 | O21: =J21+C21 -> 0 | P21: =G21-B21 -> 0 | Q21: =N21-I21 -> 0
A22: ='DIA 20'!A22 -> MG-044 | O22: =J22+C22 -> 0 | P22: =G22-B22 -> 0 | Q22: =N22-I22 -> 0
A23: ='DIA 20'!A23 -> MG-085 (POLVORERA) | O23: =J23+C23 -> 0 | P23: =G23-B23 -> 0 | Q23: =N23-I23 -> 0
A24: ='DIA 20'!A24 -> MG-033 (PERSONAL) | O24: =J24+C24 -> 0 | P24: =G24-B24 -> 0 | Q24: =N24-I24 -> 0
A25: ='DIA 20'!A25 -> MG-113 | O25: =J25+C25 -> 0 | P25: =G25-B25 -> 0 | Q25: =N25-I25 -> 0
A26: ='DIA 20'!A26 -> MG-121 | O26: =J26+C26 -> 0 | P26: =G26-B26 -> 0 | Q26: =N26-I26 -> 0
A27: ='DIA 20'!A27 -> MG-086 | C27: 56 | D27: REYNALDO | E27: LUIS | F27: ROBERTO | O27: =J27+C27 -> 56 | P27: =G27-B27 -> 0 | Q27: =N27-I27 -> 0
A28: ='DIA 20'!A28 -> MG-111 | O28: =J28+C28 -> 0 | P28: =G28-B28 -> 0 | Q28: =N28-I28 -> 0
A29: ='DIA 20'!A29 -> MG-120 | O29: =J29+C29 -> 0 | P29: =G29-B29 -> 0 | Q29: =N29-I29 -> 0
A30: ='DIA 20'!A30 -> PROSERMIN | C30: 723 | J30: 117 | O30: =J30+C30 -> 840 | P30: =G30-B30 -> 0 | Q30: =N30-I30 -> 0
A31: ='DIA 20'!A31 -> ST-060 | O31: =J31+C31 -> 0 | P31: =G31-B31 -> 0 | Q31: =N31-I31 -> 0
A32: ='DIA 20'!A32 -> ST-53 | O32: =J32+C32 -> 0 | P32: =G32-B32 -> 0 | Q32: =N32-I32 -> 0
A33: ='DIA 20'!A33 -> ST-039 | B33: 9621.2 | C33: 136 | D33: TONY | E33: LUIS | F33: ROBERTO | O33: =J33+C33 -> 136 | P33: =G33-B33 -> -9621.2 | Q33: =N33-I33 -> 0
A34: ='DIA 20'!A34 -> JL-025 | O34: =J34+C34 -> 0 | P34: =G34-B34 -> 0 | Q34: =N34-I34 -> 0
A35: TOTALES | C35: =SUM(C7:C34) -> 1289 | J35: =SUM(J7:J34) -> 462 | O35: =C35+J35 -> 1751
A43: NOMBRE Y FIRMA DE QUIEN AUTORIZA | G43: NOMBRE Y FIRMA DE ALMACEN | O43: ADMINISTRADOR
P45: 44237 | R45: 44244 | T45: 44251
O46: ACEITE | P46: TAMBO | Q46: LTS | R46: TAMBO | S46: LTS | T46: TAMBO | U46: LTS
O47: HIDRAULICO | P47: 3 | R47: 2 | S47: 140 | T47: 0 | U47: 155
O48: MOTOR | P48: 3 | Q48: 70 | R48: 2 | S48: 182 | T48: 2 | U48: 170
O49: DIFERENCIAL | P49: 1 | Q49: 137 | R49: 1 | S49: 137 | T49: 1 | U49: 160
O50: MAQ.PERF. | P50: 2 | Q50: 117 | R50: 2 | S50: 27 | T50: 1 | U50: 150
O51: DIFERENCIAL CAT | P51: 1 | Q51: 17 | R51: 1 | S51: 0 | T51: 0 | U51: 0
O52: HIDRAULICO CAT | P52: 1 | Q52: 36 | R52: 1 | S52: 0 | T52: 1 | U52: 77
O53: TRANSMICION | Q53: 76 | S53: 76 | T53: 1 | U53: 22.5
O54: ANTICONGELANTE | P54: 1 | Q54: 22 | R54: 1 | S54: 0 | T54: 0 | U54: 165.5
O55: GRASA | P55: 1 | Q55: 8 CUBETAS | R55: 0.5 | S55: 8CUBETAS | T55: 80 | U55: 9CUBETAS

Sheet DIA 22
B1: FECHA | E1: MGA CONTRATISTA MINERA S.A. DE C.V. | O1: ENTRADA DE DIESEL | P1: EXISTENCIA INICIAL DE DIESEL (LTS) | Q1: EXISTENCIA FINAL DE DIESEL (LTS)
B2: DIA | C2: MES | D2: AÑO | P2: ='DIA 21'!Q2+O2 -> 16671 | Q2: =P2-O35 -> 16671
A4: NO. DE EQUIPO | B4: PRIMER TURNO | I4: SEGUNDO TURNO
B6: Horometro Inicial 1ra | C6: DIESEL | D6: Nombre Operador | E6: Nombre Despachador | F6: Nombre del supervisor | G6: Horometro Final 1ra | I6: Horometro Inicial 2da | J6: =C6 -> DIESEL | K6: =D6 -> Nombre Operador | L6: =E6 -> Nombre Despachador | M6: =F6 -> Nombre del supervisor | N6: Horometro final 2da | O6: ='DIA 21'!O6 -> CONSUMO X DIA | P6: HRS 1ra | Q6: HRS 2da
A7: ='DIA 21'!A7 -> ST-031 (EPIROC 1030) | O7: =J7+C7 -> 0 | P7: =G7-B7 -> 0 | Q7: =N7-I7 -> 0
A8: ='DIA 21'!A8 -> ST-025 (1600) | O8: =J8+C8 -> 0 | P8: =G8-B8 -> 0 | Q8: =N8-I8 -> 0
A9: ='DIA 21'!A9 -> ST-036 R1300 | O9: =J9+C9 -> 0 | P9: =G9-B9 -> 0 | Q9: =N9-I9 -> 0
A10: ='DIA 21'!A10 -> ST-018 | O10: =J10+C10 -> 0 | P10: =G10-B10 -> 0 | Q10: =N10-I10 -> 0
A11: ='DIA 21'!A11 -> ST-034 KOMATSU | O11: =J11+C11 -> 0 | P11: =G11-B11 -> 0 | Q11: =N11-I11 -> 0
A12: ='DIA 21'!A12 -> JL-015 (DD311) | O12: =J12+C12 -> 0 | P12: =G12-B12 -> 0 | Q12: =N12-I12 -> 0
A13: ='DIA 21'!A13 -> JL-019 | O13: =J13+C13 -> 0 | P13: =G13-B13 -> 0 | Q13: =N13-I13 -> 0
A14: ='DIA 21'!A14 -> JL-024 CANNON | O14: =J14+C14 -> 0 | P14: =G14-B14 -> 0 | Q14: =N14-I14 -> 0
A15: ='DIA 21'!A15 -> JA-007 RESEMIN | O15: =J15+C15 -> 0 | P15: =G15-B15 -> 0 | Q15: =N15-I15 -> 0
A16: ='DIA 21'!A16 -> JA-004 CANNON | O16: =J16+C16 -> 0 | P16: =G16-B16 -> 0 | Q16: =N16-I16 -> 0
A17: ='DIA 21'!A17 -> RE-009 (RETROEXCAVADORA) | O17: =J17+C17 -> 0 | P17: =G17-B17 -> 0 | Q17: =N17-I17 -> 0
A18: ='DIA 21'!A18 -> RE-010 (RETROEXCAVADORA) | O18: =J18+C18 -> 0 | P18: =G18-B18 -> 0 | Q18: =N18-I18 -> 0
... A34: ='DIA 21'!A34 -> JL-025 | O34: =J34+C34 -> 0 | P34: =G34-B34 -> 0 | Q34: =N34-I34 -> 0
A35: TOTALES | C35: =SUM(C7:C34) -> 0 | J35: =SUM(J7:J34) -> 0 | O35: =C35+J35 -> 0
A43: NOMBRE Y FIRMA DE QUIEN AUTORIZA | G43: NOMBRE Y FIRMA DE ALMACEN | O43: ADMINISTRADOR
P45: 44237 | R45: 44244 | T45: 44251
O46: ACEITE | P46: TAMBO | Q46: LTS | R46: TAMBO | S46: LTS | T46: TAMBO | U46: LTS
O47: HIDRAULICO | P47: 3 | R47: 2 | S47: 140 | T47: 0 | U47: 155
O48: MOTOR | P48: 3 | Q48: 70 | R48: 2 | S48: 182 | T48: 2 | U48: 170
O49: DIFERENCIAL | P49: 1 | Q49: 137 | R49: 1 | S49: 137 | T49: 1 | U49: 160
O50: MAQ.PERF. | P50: 2 | Q50: 117 | R50: 2 | S50: 27 | T50: 1 | U50: 150
O51: DIFERENCIAL CAT | P51: 1 | Q51: 17 | R51: 1 | S51: 0 | T51: 0 | U51: 0
O52: HIDRAULICO CAT | P52: 1 | Q52: 36 | R52: 1 | S52: 0 | T52: 1 | U52: 77
O53: TRANSMICION | Q53: 76 | S53: 76 | T53: 1 | U53: 22.5
O54: ANTICONGELANTE | P54: 1 | Q54: 22 | R54: 1 | S54: 0 | T54: 0 | U54: 165.5
O55: GRASA | P55: 1 | Q55: 8 CUBETAS | R55: 0.5 | S55: 8CUBETAS | T55: 80 | U55: 9CUBETAS

Sheet DIA 23
B1: FECHA | E1: MGA CONTRATISTA MINERA S.A. DE C.V. | O1: ENTRADA DE DIESEL | P1: EXISTENCIA INICIAL DE DIESEL (LTS) | Q1: EXISTENCIA FINAL DE DIESEL (LTS)
B2: DIA | C2: MES | D2: AÑO | P2: ='DIA 22'!Q2+O2 -> 16671 | Q2: =P2-O35 -> 16671
A4: NO. DE EQUIPO | B4: PRIMER TURNO | I4: SEGUNDO TURNO
B6: Horometro Inicial 1ra | C6: DIESEL | D6: Nombre Operador | E6: Nombre Despachador | F6: Nombre del supervisor | G6: Horometro Final 1ra | I6: Horometro Inicial 2da | J6: =C6 -> DIESEL | K6: =D6 -> Nombre Operador | L6: =E6 -> Nombre Despachador | M6: =F6 -> Nombre del supervisor | N6: Horometro final 2da | O6: ='DIA 22'!O6 -> CONSUMO X DIA | P6: HRS 1ra | Q6: HRS 2da
A7: ='DIA 22'!A7 -> ST-031 (EPIROC 1030) | O7: =J7+C7 -> 0 | P7: =G7-B7 -> 0 | Q7: =N7-I7 -> 0
A8: ='DIA 22'!A8 -> ST-025 (1600) | O8: =J8+C8 -> 0 | P8: =G8-B8 -> 0 | Q8: =N8-I8 -> 0
A9: ='DIA 22'!A9 -> ST-036 R1300 | O9: =J9+C9 -> 0 | P9: =G9-B9 -> 0 | Q9: =N9-I9 -> 0
A10: ='DIA 22'!A10 -> ST-018 | O10: =J10+C10 -> 0 | P10: =G10-B10 -> 0 | Q10: =N10-I10 -> 0
A11: ='DIA 22'!A11 -> ST-034 KOMATSU | O11: =J11+C11 -> 0 | P11: =G11-B11 -> 0 | Q11: =N11-I11 -> 0
A12: ='DIA 22'!A12 -> JL-015 (DD311) | O12: =J12+C12 -> 0 | P12: =G12-B12 -> 0 | Q12: =N12-I12 -> 0
A13: ='DIA 22'!A13 -> JL-019 | O13: =J13+C13 -> 0 | P13: =G13-B13 -> 0 | Q13: =N13-I13 -> 0
A14: ='DIA 22'!A14 -> JL-024 CANNON | O14: =J14+C14 -> 0 | P14: =G14-B14 -> 0 | Q14: =N14-I14 -> 0
A15: ='DIA 22'!A15 -> JA-007 RESEMIN | O15: =J15+C15 -> 0 | P15: =G15-B15 -> 0 | Q15: =N15-I15 -> 0
A16: ='DIA 22'!A16 -> JA-004 CANNON | O16: =J16+C16 -> 0 | P16: =G16-B16 -> 0 | Q16: =N16-I16 -> 0
A17: ='DIA 22'!A17 -> RE-009 (RETROEXCAVADORA) | O17: =J17+C17 -> 0 | P17: =G17-B17 -> 0 | Q17: =N17-I17 -> 0
A18: ='DIA 22'!A18 -> RE-010 (RETROEXCAVADORA) | O18: =J18+C18 -> 0 | P18: =G18-B18 -> 0 | Q18: =N18-I18 -> 0
... A34: ='DIA 22'!A34 -> JL-025 | O34: =J34+C34 -> 0 | P34: =G34-B34 -> 0 | Q34: =N34-I34 -> 0
A35: TOTALES | C35: =SUM(C7:C34) -> 0 | J35: =SUM(J7:J34) -> 0 | O35: =C35+J35 -> 0
A43: NOMBRE Y FIRMA DE QUIEN AUTORIZA | G43: NOMBRE Y FIRMA DE ALMACEN | O43: ADMINISTRADOR
P45: 44237 | R45: 44244 | T45: 44251
O46: ACEITE | P46: TAMBO | Q46: LTS | R46: TAMBO | S46: LTS | T46: TAMBO | U46: LTS
O47: HIDRAULICO | P47: 3 | R47: 2 | S47: 140 | T47: 0 | U47: 155
O48: MOTOR | P48: 3 | Q48: 70 | R48: 2 | S48: 182 | T48: 2 | U48: 170
O49: DIFERENCIAL | P49: 1 | Q49: 137 | R49: 1 | S49: 137 | T49: 1 | U49: 160
O50: MAQ.PERF. | P50: 2 | Q50: 117 | R50: 2 | S50: 27 | T50: 1 | U50: 150
O51: DIFERENCIAL CAT | P51: 1 | Q51: 17 | R51: 1 | S51: 0 | T51: 0 | U51: 0
O52: HIDRAULICO CAT | P52: 1 | Q52: 36 | R52: 1 | S52: 0 | T52: 1 | U52: 77
O53: TRANSMICION | Q53: 76 | S53: 76 | T53: 1 | U53: 22.5
O54: ANTICONGELANTE | P54: 1 | Q54: 22 | R54: 1 | S54: 0 | T54: 0 | U54: 165.5
O55: GRASA | P55: 1 | Q55: 8 CUBETAS | R55: 0.5 | S55: 8CUBETAS | T55: 80 | U55: 9CUBETAS

Sheet CONSUMO DIARIO
A1: MGA CONTRATISTA MINERA S.A. DE C.V.
A3: DIA | B3: DIESEL CONSUMIDO | C3: LLEGADA | D3: DIESEL FINAL
A4: 1 | B4: ='DIA 01'!$O$35 -> 1553 | C4: ='DIA 01'!$O$2 -> 2100 | D4: ='DIA 01'!$Q$2 -> 11756 | F4: PROSERMIN
A5: 2 | B5: ='DIA 02'!$O$35 -> 1718 | C5: ='DIA 02'!$O$2 -> 0 | D5: ='DIA 02'!$Q$2 -> 10038
A6: 3 | B6: ='DIA 03'!$O$35 -> 1808 | C6: ='DIA 03'!$O$2 -> 2137 | D6: ='DIA 03'!$Q$2 -> 10367 | F6: PROSERMIN
A7: 4 | B7: ='DIA 04'!$O$35 -> 1281 | C7: ='DIA 04'!$O$2 -> 0 | D7: ='DIA 04'!$Q$2 -> 9086
A8: 5 | B8: ='DIA 05'!$O$35 -> 1183 | C8: ='DIA 05'!$O$2 -> 0 | D8: ='DIA 05'!$Q$2 -> 7903
A9: 6 | B9: ='DIA 06'!$O$35 -> 1576 | C9: ='DIA 06'!$O$2 -> 2191 | D9: ='DIA 06'!$Q$2 -> 8518 | F9: PROSERMIN
A10: 7 | B10: ='DIA 07'!$O$35 -> 1155 | C10: ='DIA 07'!$O$2 -> 0 | D10: ='DIA 07'!$Q$2 -> 7363
A11: 8 | B11: ='DIA 08'!$O$35 -> 1273 | C11: ='DIA 08'!$O$2 -> 1750 | D11: ='DIA 08'!$Q$2 -> 7840 | F11: PROSERMIN
A12: 9 | B12: ='DIA 09'!$O$35 -> 1303 | C12: ='DIA 09'!$O$2 -> 0 | D12: ='DIA 09'!$Q$2 -> 6537
A13: 10 | B13: ='DIA 10'!$O$35 -> 1362 | C13: ='DIA 10'!$O$2 -> 0 | D13: ='DIA 10'!$Q$2 -> 5175
A14: 11 | B14: ='DIA 11'!$O$35 -> 1796 | C14: ='DIA 11'!$O$2 -> 15850 | D14: ='DIA 11'!$Q$2 -> 19229 | F14: MGA/PROSERMIN
A15: 12 | B15: ='DIA 12'!$O$35 -> 1785 | C15: ='DIA 12'!$O$2 -> 0 | D15: ='DIA 12'!$Q$2 -> 17444
A16: 13 | B16: ='DIA 13'!$O$35 -> 5616 | C16: ='DIA 13'!$O$2 -> 0 | D16: ='DIA 13'!$Q$2 -> 11828
A17: 14 | B17: ='DIA 14'!$O$35 -> 1817 | C17: ='DIA 14'!$O$2 -> 1800 | D17: ='DIA 14'!$Q$2 -> 11811 | F17: PROSERMIN
A18: 15 | B18: ='DIA 15'!$O$35 -> 1180 | C18: ='DIA 15'!$O$2 -> 0 | D18: ='DIA 15'!$Q$2 -> 10631
A19: 16 | B19: ='DIA 16'!$O$35 -> 1423 | C19: ='DIA 16'!$O$2 -> 0 | D19: ='DIA 16'!$Q$2 -> 9208
A20: 17 | B20: ='DIA 17'!$O$35 -> 1834 | C20: ='DIA 17'!$O$2 -> 0 | D20: ='DIA 17'!$Q$2 -> 7374
A21: 18 | B21: ='DIA 18'!$O$35 -> 1838 | C21: ='DIA 18'!$O$2 -> 0 | D21: ='DIA 18'!$Q$2 -> 5536
A22: 19 | B22: ='DIA 19'!$O$35 -> 1162 | C22: ='DIA 19'!$O$2 -> 1700 | D22: ='DIA 19'!$Q$2 -> 6074 | F22: ZONA NORTE
A23: 20 | B23: ='DIA 20'!$O$35 -> 1652 | C23: ='DIA 20'!$O$2 -> 14000 | D23: ='DIA 20'!$Q$2 -> 18422 | F23: MGA
A24: 21 | B24: ='DIA 21'!$O$35 -> 1751 | C24: ='DIA 21'!$O$2 -> 0 | D24: ='DIA 21'!$Q$2 -> 16671
A25: 22 | B25: ='DIA 22'!$O$35 -> 0 | C25: ='DIA 22'!$O$2 -> 0 | D25: ='DIA 22'!$Q$2 -> 16671
A26: 23 | B26: ='DIA 23'!$O$35 -> 0 | C26: ='DIA 23'!$O$2 -> 0 | D26: ='DIA 23'!$Q$2 -> 16671
A27: 24 | B27: ='DIA 24'!$O$35 -> 0 | C27: ='DIA 24'!$O$2 -> 0 | D27: ='DIA 24'!$Q$2 -> 16671
A28: 25 | B28: ='DIA 25'!$O$35 -> 0 | C28: ='DIA 25'!$O$2 -> 0 | D28: ='DIA 25'!$Q$2 -> 16671
A29: 26 | B29: ='DIA 26'!$O$35 -> 0 | C29: ='DIA 26'!$O$2 -> 0 | D29: ='DIA 26'!$Q$2 -> 16671
A30: 27 | B30: ='DIA 27'!$O$35 -> 0 | C30: ='DIA 27'!$O$2 -> 0 | D30: ='DIA 27'!$Q$2 -> 16671
A31: 28 | B31: ='DIA 28'!$O$35 -> 0 | C31: ='DIA 28'!$O$2 -> 0 | D31: ='DIA 28'!$Q$2 -> 16671
A32: 29 | B32: ='DIA 29'!$O$35 -> 0 | C32: ='DIA 29'!$O$2 -> 0 | D32: ='DIA 29'!$Q$2 -> 16671
A33: 30 | B33: ='DIA 30'!$O$35 -> 0 | C33: ='DIA 30'!$O$2 -> 0 | D33: ='DIA 30'!$Q$2 -> 16671
A34: 31 | B34: ='DIA 31'!$O$35 -> 0 | C34: ='DIA 31'!$O$2 -> 0 | D34: ='DIA 31'!$Q$2 -> 16671
A36: TOTAL: | B36: =SUM(B4:B34) -> 36066 | C36: =SUM(C4:C34) -> 41528 | D36: =D34 -> 16671 | F36: PROSERMIN | G36: ='[1]CONSUMO DE DIESEL 2026'!$AF$41 -> 2995

Sheet DIA 24
B1: FECHA | E1: MGA CONTRATISTA MINERA S.A. DE C.V. | O1: ENTRADA DE DIESEL | P1: EXISTENCIA INICIAL DE DIESEL (LTS) | Q1: EXISTENCIA FINAL DE DIESEL (LTS)
B2: DIA | C2: MES | D2: AÑO | P2: ='DIA 23'!Q2+O2 -> 16671 | Q2: =P2-O35 -> 16671
A4: NO. DE EQUIPO | B4: PRIMER TURNO | I4: SEGUNDO TURNO
B6: Horometro Inicial 1ra | C6: DIESEL | D6: Nombre Operador | E6: Nombre Despachador | F6: Nombre del supervisor | G6: Horometro Final 1ra | I6: Horometro Inicial 2da | J6: =C6 -> DIESEL | K6: =D6 -> Nombre Operador | L6: =E6 -> Nombre Despachador | M6: =F6 -> Nombre del supervisor | N6: Horometro final 2da | O6: ='DIA 23'!O6 -> CONSUMO X DIA | P6: HRS 1ra | Q6: HRS 2da
A7: ='DIA 23'!A7 -> ST-031 (EPIROC 1030) | O7: =J7+C7 -> 0 | P7: =G7-B7 -> 0 | Q7: =N7-I7 -> 0
A8: ='DIA 23'!A8 -> ST-025 (1600) | O8: =J8+C8 -> 0 | P8: =G8-B8 -> 0 | Q8: =N8-I8 -> 0
A9: ='DIA 23'!A9 -> ST-036 R1300 | O9: =J9+C9 -> 0 | P9: =G9-B9 -> 0 | Q9: =N9-I9 -> 0
A10: ='DIA 23'!A10 -> ST-018 | O10: =J10+C10 -> 0 | P10: =G10-B10 -> 0 | Q10: =N10-I10 -> 0
A11: ='DIA 23'!A11 -> ST-034 KOMATSU | O11: =J11+C11 -> 0 | P11: =G11-B11 -> 0 | Q11: =N11-I11 -> 0
A12: ='DIA 23'!A12 -> JL-015 (DD311) | O12: =J12+C12 -> 0 | P12: =G12-B12 -> 0 | Q12: =N12-I12 -> 0
A13: ='DIA 23'!A13 -> JL-019 | O13: =J13+C13 -> 0 | P13: =G13-B13 -> 0 | Q13: =N13-I13 -> 0
A14: ='DIA 23'!A14 -> JL-024 CANNON | O14: =J14+C14 -> 0 | P14: =G14-B14 -> 0 | Q14: =N14-I14 -> 0
A15: ='DIA 23'!A15 -> JA-007 RESEMIN | O15: =J15+C15 -> 0 | P15: =G15-B15 -> 0 | Q15: =N15-I15 -> 0
A16: ='DIA 23'!A16 -> JA-004 CANNON | O16: =J16+C16 -> 0 | P16: =G16-B16 -> 0 | Q16: =N16-I16 -> 0
A17: ='DIA 23'!A17 -> RE-009 (RETROEXCAVADORA) | O17: =J17+C17 -> 0 | P17: =G17-B17 -> 0 | Q17: =N17-I17 -> 0
A18: ='DIA 23'!A18 -> RE-010 (RETROEXCAVADORA) | O18: =J18+C18 -> 0 | P18: =G18-B18 -> 0 | Q18: =N18-I18 -> 0
... A34: ='DIA 23'!A34 -> JL-025 | O34: =J34+C34 -> 0 | P34: =G34-B34 -> 0 | Q34: =N34-I34 -> 0
A35: TOTALES | C35: =SUM(C7:C34) -> 0 | J35: =SUM(J7:J34) -> 0 | O35: =C35+J35 -> 0
A43: NOMBRE Y FIRMA DE QUIEN AUTORIZA | G43: NOMBRE Y FIRMA DE ALMACEN | O43: ADMINISTRADOR
P45: 44237 | R45: 44244 | T45: 44251
O46: ACEITE | P46: TAMBO | Q46: LTS | R46: TAMBO | S46: LTS | T46: TAMBO | U46: LTS
O47: HIDRAULICO | P47: 3 | R47: 2 | S47: 140 | T47: 0 | U47: 155
O48: MOTOR | P48: 3 | Q48: 70 | R48: 2 | S48: 182 | T48: 2 | U48: 170
O49: DIFERENCIAL | P49: 1 | Q49: 137 | R49: 1 | S49: 137 | T49: 1 | U49: 160
O50: MAQ.PERF. | P50: 2 | Q50: 117 | R50: 2 | S50: 27 | T50: 1 | U50: 150
O51: DIFERENCIAL CAT | P51: 1 | Q51: 17 | R51: 1 | S51: 0 | T51: 0 | U51: 0
O52: HIDRAULICO CAT | P52: 1 | Q52: 36 | R52: 1 | S52: 0 | T52: 1 | U52: 77
O53: TRANSMICION | Q53: 76 | S53: 76 | T53: 1 | U53: 22.5
O54: ANTICONGELANTE | P54: 1 | Q54: 22 | R54: 1 | S54: 0 | T54: 0 | U54: 165.5
O55: GRASA | P55: 1 | Q55: 8 CUBETAS | R55: 0.5 | S55: 8CUBETAS | T55: 80 | U55: 9CUBETAS

Sheet DIA 25
B1: FECHA | E1: MGA CONTRATISTA MINERA S.A. DE C.V. | O1: ENTRADA DE DIESEL | P1: EXISTENCIA INICIAL DE DIESEL (LTS) | Q1: EXISTENCIA FINAL DE DIESEL (LTS)
B2: DIA | C2: MES | D2: AÑO | P2: ='DIA 24'!Q2+O2 -> 16671 | Q2: =P2-O35 -> 16671
A4: NO. DE EQUIPO | B4: PRIMER TURNO | I4: SEGUNDO TURNO
B6: Horometro Inicial 1ra | C6: DIESEL | D6: Nombre Operador | E6: Nombre Despachador | F6: Nombre del supervisor | G6: Horometro Final 1ra | I6: Horometro Inicial 2da | J6: =C6 -> DIESEL | K6: =D6 -> Nombre Operador | L6: =E6 -> Nombre Despachador | M6: =F6 -> Nombre del supervisor | N6: Horometro final 2da | O6: ='DIA 24'!O6 -> CONSUMO X DIA | P6: HRS 1ra | Q6: HRS 2da
A7: ='DIA 24'!A7 -> ST-031 (EPIROC 1030) | O7: =J7+C7 -> 0 | P7: =G7-B7 -> 0 | Q7: =N7-I7 -> 0
A8: ='DIA 24'!A8 -> ST-025 (1600) | O8: =J8+C8 -> 0 | P8: =G8-B8 -> 0 | Q8: =N8-I8 -> 0
A9: ='DIA 24'!A9 -> ST-036 R1300 | O9: =J9+C9 -> 0 | P9: =G9-B9 -> 0 | Q9: =N9-I9 -> 0
A10: ='DIA 24'!A10 -> ST-018 | O10: =J10+C10 -> 0 | P10: =G10-B10 -> 0 | Q10: =N10-I10 -> 0
A11: ='DIA 24'!A11 -> ST-034 KOMATSU | O11: =J11+C11 -> 0 | P11: =G11-B11 -> 0 | Q11: =N11-I11 -> 0
A12: ='DIA 24'!A12 -> JL-015 (DD311) | O12: =J12+C12 -> 0 | P12: =G12-B12 -> 0 | Q12: =N12-I12 -> 0
A13: ='DIA 24'!A13 -> JL-019 | O13: =J13+C13 -> 0 | P13: =G13-B13 -> 0 | Q13: =N13-I13 -> 0
A14: ='DIA 24'!A14 -> JL-024 CANNON | O14: =J14+C14 -> 0 | P14: =G14-B14 -> 0 | Q14: =N14-I14 -> 0
A15: ='DIA 24'!A15 -> JA-007 RESEMIN | O15: =J15+C15 -> 0 | P15: =G15-B15 -> 0 | Q15: =N15-I15 -> 0
A16: ='DIA 24'!A16 -> JA-004 CANNON | O16: =J16+C16 -> 0 | P16: =G16-B16 -> 0 | Q16: =N16-I16 -> 0
A17: ='DIA 24'!A17 -> RE-009 (RETROEXCAVADORA) | O17: =J17+C17 -> 0 | P17: =G17-B17 -> 0 | Q17: =N17-I17 -> 0
A18: ='DIA 24'!A18 -> RE-010 (RETROEXCAVADORA) | O18: =J18+C18 -> 0 | P18: =G18-B18 -> 0 | Q18: =N18-I18 -> 0
... A34: ='DIA 24'!A34 -> JL-025 | O34: =J34+C34 -> 0 | P34: =G34-B34 -> 0 | Q34: =N34-I34 -> 0
A35: TOTALES | C35: =SUM(C7:C34) -> 0 | J35: =SUM(J7:J34) -> 0 | O35: =C35+J35 -> 0
A43: NOMBRE Y FIRMA DE QUIEN AUTORIZA | G43: NOMBRE Y FIRMA DE ALMACEN | O43: ADMINISTRADOR
P45: 44237 | R45: 44244 | T45: 44251
O46: ACEITE | P46: TAMBO | Q46: LTS | R46: TAMBO | S46: LTS | T46: TAMBO | U46: LTS
O47: HIDRAULICO | P47: 3 | R47: 2 | S47: 140 | T47: 0 | U47: 155
O48: MOTOR | P48: 3 | Q48: 70 | R48: 2 | S48: 182 | T48: 2 | U48: 170
O49: DIFERENCIAL | P49: 1 | Q49: 137 | R49: 1 | S49: 137 | T49: 1 | U49: 160
O50: MAQ.PERF. | P50: 2 | Q50: 117 | R50: 2 | S50: 27 | T50: 1 | U50: 150
O51: DIFERENCIAL CAT | P51: 1 | Q51: 17 | R51: 1 | S51: 0 | T51: 0 | U51: 0
O52: HIDRAULICO CAT | P52: 1 | Q52: 36 | R52: 1 | S52: 0 | T52: 1 | U52: 77
O53: TRANSMICION | Q53: 76 | S53: 76 | T53: 1 | U53: 22.5
O54: ANTICONGELANTE | P54: 1 | Q54: 22 | R54: 1 | S54: 0 | T54: 0 | U54: 165.5
O55: GRASA | P55: 1 | Q55: 8 CUBETAS | R55: 0.5 | S55: 8CUBETAS | T55: 80 | U55: 9CUBETAS

Sheet DIA 26
B1: FECHA | E1: MGA CONTRATISTA MINERA S.A. DE C.V. | O1: ENTRADA DE DIESEL | P1: EXISTENCIA INICIAL DE DIESEL (LTS) | Q1: EXISTENCIA FINAL DE DIESEL (LTS)
B2: DIA | C2: MES | D2: AÑO | P2: ='DIA 25'!Q2+O2 -> 16671 | Q2: =P2-O35 -> 16671
A4: NO. DE EQUIPO | B4: PRIMER TURNO | I4: SEGUNDO TURNO
B6: Horometro Inicial 1ra | C6: DIESEL | D6: Nombre Operador | E6: Nombre Despachador | F6: Nombre del supervisor | G6: Horometro Final 1ra | I6: Horometro Inicial 2da | J6: =C6 -> DIESEL | K6: =D6 -> Nombre Operador | L6: =E6 -> Nombre Despachador | M6: =F6 -> Nombre del supervisor | N6: Horometro final 2da | O6: ='DIA 25'!O6 -> CONSUMO X DIA | P6: HRS 1ra | Q6: HRS 2da
A7: ='DIA 25'!A7 -> ST-031 (EPIROC 1030) | O7: =J7+C7 -> 0 | P7: =G7-B7 -> 0 | Q7: =N7-I7 -> 0
A8: ='DIA 25'!A8 -> ST-025 (1600) | O8: =J8+C8 -> 0 | P8: =G8-B8 -> 0 | Q8: =N8-I8 -> 0
A9: ='DIA 25'!A9 -> ST-036 R1300 | O9: =J9+C9 -> 0 | P9: =G9-B9 -> 0 | Q9: =N9-I9 -> 0
A10: ='DIA 25'!A10 -> ST-018 | O10: =J10+C10 -> 0 | P10: =G10-B10 -> 0 | Q10: =N10-I10 -> 0
A11: ='DIA 25'!A11 -> ST-034 KOMATSU | O11: =J11+C11 -> 0 | P11: =G11-B11 -> 0 | Q11: =N11-I11 -> 0
A12: ='DIA 25'!A12 -> JL-015 (DD311) | O12: =J12+C12 -> 0 | P12: =G12-B12 -> 0 | Q12: =N12-I12 -> 0
A13: ='DIA 25'!A13 -> JL-019 | O13: =J13+C13 -> 0 | P13: =G13-B13 -> 0 | Q13: =N13-I13 -> 0
A14: ='DIA 25'!A14 -> JL-024 CANNON | O14: =J14+C14 -> 0 | P14: =G14-B14 -> 0 | Q14: =N14-I14 -> 0
A15: ='DIA 25'!A15 -> JA-007 RESEMIN | O15: =J15+C15 -> 0 | P15: =G15-B15 -> 0 | Q15: =N15-I15 -> 0
A16: ='DIA 25'!A16 -> JA-004 CANNON | O16: =J16+C16 -> 0 | P16: =G16-B16 -> 0 | Q16: =N16-I16 -> 0
A17: ='DIA 25'!A17 -> RE-009 (RETROEXCAVADORA) | O17: =J17+C17 -> 0 | P17: =G17-B17 -> 0 | Q17: =N17-I17 -> 0
A18: ='DIA 25'!A18 -> RE-010 (RETROEXCAVADORA) | O18: =J18+C18 -> 0 | P18: =G18-B18 -> 0 | Q18: =N18-I18 -> 0
... A34: ='DIA 25'!A34 -> JL-025 | O34: =J34+C34 -> 0 | P34: =G34-B34 -> 0 | Q34: =N34-I34 -> 0
A35: TOTALES | C35: =SUM(C7:C34) -> 0 | J35: =SUM(J7:J34) -> 0 | O35: =C35+J35 -> 0
A43: NOMBRE Y FIRMA DE QUIEN AUTORIZA | G43: NOMBRE Y FIRMA DE ALMACEN | O43: ADMINISTRADOR
P45: 44237 | R45: 44244 | T45: 44251
O46: ACEITE | P46: TAMBO | Q46: LTS | R46: TAMBO | S46: LTS | T46: TAMBO | U46: LTS
O47: HIDRAULICO | P47: 3 | R47: 2 | S47: 140 | T47: 0 | U47: 155
O48: MOTOR | P48: 3 | Q48: 70 | R48: 2 | S48: 182 | T48: 2 | U48: 170
O49: DIFERENCIAL | P49: 1 | Q49: 137 | R49: 1 | S49: 137 | T49: 1 | U49: 160
O50: MAQ.PERF. | P50: 2 | Q50: 117 | R50: 2 | S50: 27 | T50: 1 | U50: 150
O51: DIFERENCIAL CAT | P51: 1 | Q51: 17 | R51: 1 | S51: 0 | T51: 0 | U51: 0
O52: HIDRAULICO CAT | P52: 1 | Q52: 36 | R52: 1 | S52: 0 | T52: 1 | U52: 77
O53: TRANSMICION | Q53: 76 | S53: 76 | T53: 1 | U53: 22.5
O54: ANTICONGELANTE | P54: 1 | Q54: 22 | R54: 1 | S54: 0 | T54: 0 | U54: 165.5
O55: GRASA | P55: 1 | Q55: 8 CUBETAS | R55: 0.5 | S55: 8CUBETAS | T55: 80 | U55: 9CUBETAS

Sheet DIA 27
B1: FECHA | E1: MGA CONTRATISTA MINERA S.A. DE C.V. | O1: ENTRADA DE DIESEL | P1: EXISTENCIA INICIAL DE DIESEL (LTS) | Q1: EXISTENCIA FINAL DE DIESEL (LTS)
B2: DIA | C2: MES | D2: AÑO | P2: ='DIA 26'!Q2+O2 -> 16671 | Q2: =P2-O35 -> 16671
A4: NO. DE EQUIPO | B4: PRIMER TURNO | I4: SEGUNDO TURNO
B6: Horometro Inicial 1ra | C6: DIESEL | D6: Nombre Operador | E6: Nombre Despachador | F6: Nombre del supervisor | G6: Horometro Final 1ra | I6: Horometro Inicial 2da | J6: =C6 -> DIESEL | K6: =D6 -> Nombre Operador | L6: =E6 -> Nombre Despachador | M6: =F6 -> Nombre del supervisor | N6: Horometro final 2da | O6: ='DIA 26'!O6 -> CONSUMO X DIA | P6: HRS 1ra | Q6: HRS 2da
A7: ='DIA 26'!A7 -> ST-031 (EPIROC 1030) | O7: =J7+C7 -> 0 | P7: =G7-B7 -> 0 | Q7: =N7-I7 -> 0
A8: ='DIA 26'!A8 -> ST-025 (1600) | O8: =J8+C8 -> 0 | P8: =G8-B8 -> 0 | Q8: =N8-I8 -> 0
A9: ='DIA 26'!A9 -> ST-036 R1300 | O9: =J9+C9 -> 0 | P9: =G9-B9 -> 0 | Q9: =N9-I9 -> 0
A10: ='DIA 26'!A10 -> ST-018 | O10: =J10+C10 -> 0 | P10: =G10-B10 -> 0 | Q10: =N10-I10 -> 0
A11: ='DIA 26'!A11 -> ST-034 KOMATSU | O11: =J11+C11 -> 0 | P11: =G11-B11 -> 0 | Q11: =N11-I11 -> 0
A12: ='DIA 26'!A12 -> JL-015 (DD311) | O12: =J12+C12 -> 0 | P12: =G12-B12 -> 0 | Q12: =N12-I12 -> 0
A13: ='DIA 26'!A13 -> JL-019 | O13: =J13+C13 -> 0 | P13: =G13-B13 -> 0 | Q13: =N13-I13 -> 0
A14: ='DIA 26'!A14 -> JL-024 CANNON | O14: =J14+C14 -> 0 | P14: =G14-B14 -> 0 | Q14: =N14-I14 -> 0
A15: ='DIA 26'!A15 -> JA-007 RESEMIN | O15: =J15+C15 -> 0 | P15: =G15-B15 -> 0 | Q15: =N15-I15 -> 0
A16: ='DIA 26'!A16 -> JA-004 CANNON | O16: =J16+C16 -> 0 | P16: =G16-B16 -> 0 | Q16: =N16-I16 -> 0
A17: ='DIA 26'!A17 -> RE-009 (RETROEXCAVADORA) | O17: =J17+C17 -> 0 | P17: =G17-B17 -> 0 | Q17: =N17-I17 -> 0
A18: ='DIA 26'!A18 -> RE-010 (RETROEXCAVADORA) | O18: =J18+C18 -> 0 | P18: =G18-B18 -> 0 | Q18: =N18-I18 -> 0
... A34: ='DIA 26'!A34 -> JL-025 | O34: =J34+C34 -> 0 | P34: =G34-B34 -> 0 | Q34: =N34-I34 -> 0
A35: TOTALES | C35: =SUM(C7:C34) -> 0 | J35: =SUM(J7:J34) -> 0 | O35: =C35+J35 -> 0
A43: NOMBRE Y FIRMA DE QUIEN AUTORIZA | G43: NOMBRE Y FIRMA DE ALMACEN | O43: ADMINISTRADOR
P45: 44237 | R45: 44244 | T45: 44251
O46: ACEITE | P46: TAMBO | Q46: LTS | R46: TAMBO | S46: LTS | T46: TAMBO | U46: LTS
O47: HIDRAULICO | P47: 3 | R47: 2 | S47: 140 | T47: 0 | U47: 155
O48: MOTOR | P48: 3 | Q48: 70 | R48: 2 | S48: 182 | T48: 2 | U48: 170
O49: DIFERENCIAL | P49: 1 | Q49: 137 | R49: 1 | S49: 137 | T49: 1 | U49: 160
O50: MAQ.PERF. | P50: 2 | Q50: 117 | R50: 2 | S50: 27 | T50: 1 | U50: 150
O51: DIFERENCIAL CAT | P51: 1 | Q51: 17 | R51: 1 | S51: 0 | T51: 0 | U51: 0
O52: HIDRAULICO CAT | P52: 1 | Q52: 36 | R52: 1 | S52: 0 | T52: 1 | U52: 77
O53: TRANSMICION | Q53: 76 | S53: 76 | T53: 1 | U53: 22.5
O54: ANTICONGELANTE | P54: 1 | Q54: 22 | R54: 1 | S54: 0 | T54: 0 | U54: 165.5
O55: GRASA | P55: 1 | Q55: 8 CUBETAS | R55: 0.5 | S55: 8CUBETAS | T55: 80 | U55: 9CUBETAS

Sheet DIA 28
B1: FECHA | E1: MGA CONTRATISTA MINERA S.A. DE C.V. | O1: ENTRADA DE DIESEL | P1: EXISTENCIA INICIAL DE DIESEL (LTS) | Q1: EXISTENCIA FINAL DE DIESEL (LTS)
B2: DIA | C2: MES | D2: AÑO | P2: ='DIA 27'!Q2+O2 -> 16671 | Q2: =P2-O35 -> 16671
A4: NO. DE EQUIPO | B4: PRIMER TURNO | I4: SEGUNDO TURNO
B6: Horometro Inicial 1ra | C6: DIESEL | D6: Nombre Operador | E6: Nombre Despachador | F6: Nombre del supervisor | G6: Horometro Final 1ra | I6: Horometro Inicial 2da | J6: =C6 -> DIESEL | K6: =D6 -> Nombre Operador | L6: =E6 -> Nombre Despachador | M6: =F6 -> Nombre del supervisor | N6: Horometro final 2da | O6: ='DIA 27'!O6 -> CONSUMO X DIA | P6: HRS 1ra | Q6: HRS 2da
A7: ='DIA 27'!A7 -> ST-031 (EPIROC 1030) | O7: =J7+C7 -> 0 | P7: =G7-B7 -> 0 | Q7: =N7-I7 -> 0
A8: ='DIA 27'!A8 -> ST-025 (1600) | O8: =J8+C8 -> 0 | P8: =G8-B8 -> 0 | Q8: =N8-I8 -> 0
A9: ='DIA 27'!A9 -> ST-036 R1300 | O9: =J9+C9 -> 0 | P9: =G9-B9 -> 0 | Q9: =N9-I9 -> 0
A10: ='DIA 27'!A10 -> ST-018 | O10: =J10+C10 -> 0 | P10: =G10-B10 -> 0 | Q10: =N10-I10 -> 0
A11: ='DIA 27'!A11 -> ST-034 KOMATSU | O11: =J11+C11 -> 0 | P11: =G11-B11 -> 0 | Q11: =N11-I11 -> 0
A12: ='DIA 27'!A12 -> JL-015 (DD311) | O12: =J12+C12 -> 0 | P12: =G12-B12 -> 0 | Q12: =N12-I12 -> 0
A13: ='DIA 27'!A13 -> JL-019 | O13: =J13+C13 -> 0 | P13: =G13-B13 -> 0 | Q13: =N13-I13 -> 0
A14: ='DIA 27'!A14 -> JL-024 CANNON | O14: =J14+C14 -> 0 | P14: =G14-B14 -> 0 | Q14: =N14-I14 -> 0
A15: ='DIA 27'!A15 -> JA-007 RESEMIN | O15: =J15+C15 -> 0 | P15: =G15-B15 -> 0 | Q15: =N15-I15 -> 0
A16: ='DIA 27'!A16 -> JA-004 CANNON | O16: =J16+C16 -> 0 | P16: =G16-B16 -> 0 | Q16: =N16-I16 -> 0
A17: ='DIA 27'!A17 -> RE-009 (RETROEXCAVADORA) | O17: =J17+C17 -> 0 | P17: =G17-B17 -> 0 | Q17: =N17-I17 -> 0
A18: ='DIA 27'!A18 -> RE-010 (RETROEXCAVADORA) | O18: =J18+C18 -> 0 | P18: =G18-B18 -> 0 | Q18: =N18-I18 -> 0
... A34: ='DIA 27'!A34 -> JL-025 | O34: =J34+C34 -> 0 | P34: =G34-B34 -> 0 | Q34: =N34-I34 -> 0
A35: TOTALES | C35: =SUM(C7:C34) -> 0 | J35: =SUM(J7:J34) -> 0 | O35: =C35+J35 -> 0
A43: NOMBRE Y FIRMA DE QUIEN AUTORIZA | G43: NOMBRE Y FIRMA DE ALMACEN | O43: ADMINISTRADOR
P45: 44237 | R45: 44244 | T45: 44251
O46: ACEITE | P46: TAMBO | Q46: LTS | R46: TAMBO | S46: LTS | T46: TAMBO | U46: LTS
O47: HIDRAULICO | P47: 3 | R47: 2 | S47: 140 | T47: 0 | U47: 155
O48: MOTOR | P48: 3 | Q48: 70 | R48: 2 | S48: 182 | T48: 2 | U48: 170
O49: DIFERENCIAL | P49: 1 | Q49: 137 | R49: 1 | S49: 137 | T49: 1 | U49: 160
O50: MAQ.PERF. | P50: 2 | Q50: 117 | R50: 2 | S50: 27 | T50: 1 | U50: 150
O51: DIFERENCIAL CAT | P51: 1 | Q51: 17 | R51: 1 | S51: 0 | T51: 0 | U51: 0
O52: HIDRAULICO CAT | P52: 1 | Q52: 36 | R52: 1 | S52: 0 | T52: 1 | U52: 77
O53: TRANSMICION | Q53: 76 | S53: 76 | T53: 1 | U53: 22.5
O54: ANTICONGELANTE | P54: 1 | Q54: 22 | R54: 1 | S54: 0 | T54: 0 | U54: 165.5
O55: GRASA | P55: 1 | Q55: 8 CUBETAS | R55: 0.5 | S55: 8CUBETAS | T55: 80 | U55: 9CUBETAS

Sheet DIA 29
B1: FECHA | E1: MGA CONTRATISTA MINERA S.A. DE C.V. | O1: ENTRADA DE DIESEL | P1: EXISTENCIA INICIAL DE DIESEL (LTS) | Q1: EXISTENCIA FINAL DE DIESEL (LTS)
B2: DIA | C2: MES | D2: AÑO | P2: ='DIA 28'!Q2+O2 -> 16671 | Q2: =P2-O35 -> 16671
A4: NO. DE EQUIPO | B4: PRIMER TURNO | I4: SEGUNDO TURNO
B6: Horometro Inicial 1ra | C6: DIESEL | D6: Nombre Operador | E6: Nombre Despachador | F6: Nombre del supervisor | G6: Horometro Final 1ra | I6: Horometro Inicial 2da | J6: =C6 -> DIESEL | K6: =D6 -> Nombre Operador | L6: =E6 -> Nombre Despachador | M6: =F6 -> Nombre del supervisor | N6: Horometro final 2da | O6: ='DIA 28'!O6 -> CONSUMO X DIA | P6: HRS 1ra | Q6: HRS 2da
A7: ='DIA 28'!A7 -> ST-031 (EPIROC 1030) | O7: =J7+C7 -> 0 | P7: =G7-B7 -> 0 | Q7: =N7-I7 -> 0
A8: ='DIA 28'!A8 -> ST-025 (1600) | O8: =J8+C8 -> 0 | P8: =G8-B8 -> 0 | Q8: =N8-I8 -> 0
A9: ='DIA 28'!A9 -> ST-036 R1300 | O9: =J9+C9 -> 0 | P9: =G9-B9 -> 0 | Q9: =N9-I9 -> 0
A10: ='DIA 28'!A10 -> ST-018 | O10: =J10+C10 -> 0 | P10: =G10-B10 -> 0 | Q10: =N10-I10 -> 0
A11: ='DIA 28'!A11 -> ST-034 KOMATSU | O11: =J11+C11 -> 0 | P11: =G11-B11 -> 0 | Q11: =N11-I11 -> 0
A12: ='DIA 28'!A12 -> JL-015 (DD311) | O12: =J12+C12 -> 0 | P12: =G12-B12 -> 0 | Q12: =N12-I12 -> 0
A13: ='DIA 28'!A13 -> JL-019 | O13: =J13+C13 -> 0 | P13: =G13-B13 -> 0 | Q13: =N13-I13 -> 0
A14: ='DIA 28'!A14 -> JL-024 CANNON | O14: =J14+C14 -> 0 | P14: =G14-B14 -> 0 | Q14: =N14-I14 -> 0
A15: ='DIA 28'!A15 -> JA-007 RESEMIN | O15: =J15+C15 -> 0 | P15: =G15-B15 -> 0 | Q15: =N15-I15 -> 0
A16: ='DIA 28'!A16 -> JA-004 CANNON | O16: =J16+C16 -> 0 | P16: =G16-B16 -> 0 | Q16: =N16-I16 -> 0
A17: ='DIA 28'!A17 -> RE-009 (RETROEXCAVADORA) | O17: =J17+C17 -> 0 | P17: =G17-B17 -> 0 | Q17: =N17-I17 -> 0
A18: ='DIA 28'!A18 -> RE-010 (RETROEXCAVADORA) | O18: =J18+C18 -> 0 | P18: =G18-B18 -> 0 | Q18: =N18-I18 -> 0
... A34: ='DIA 28'!A34 -> JL-025 | O34: =J34+C34 -> 0 | P34: =G34-B34 -> 0 | Q34: =N34-I34 -> 0
A35: TOTALES | C35: =SUM(C7:C34) -> 0 | J35: =SUM(J7:J34) -> 0 | O35: =C35+J35 -> 0
A43: NOMBRE Y FIRMA DE QUIEN AUTORIZA | G43: NOMBRE Y FIRMA DE ALMACEN | O43: ADMINISTRADOR
P45: 44237 | R45: 44244 | T45: 44251
O46: ACEITE | P46: TAMBO | Q46: LTS | R46: TAMBO | S46: LTS | T46: TAMBO | U46: LTS
O47: HIDRAULICO | P47: 3 | R47: 2 | S47: 140 | T47: 0 | U47: 155
O48: MOTOR | P48: 3 | Q48: 70 | R48: 2 | S48: 182 | T48: 2 | U48: 170
O49: DIFERENCIAL | P49: 1 | Q49: 137 | R49: 1 | S49: 137 | T49: 1 | U49: 160
O50: MAQ.PERF. | P50: 2 | Q50: 117 | R50: 2 | S50: 27 | T50: 1 | U50: 150
O51: DIFERENCIAL CAT | P51: 1 | Q51: 17 | R51: 1 | S51: 0 | T51: 0 | U51: 0
O52: HIDRAULICO CAT | P52: 1 | Q52: 36 | R52: 1 | S52: 0 | T52: 1 | U52: 77
O53: TRANSMICION | Q53: 76 | S53: 76 | T53: 1 | U53: 22.5
O54: ANTICONGELANTE | P54: 1 | Q54: 22 | R54: 1 | S54: 0 | T54: 0 | U54: 165.5
O55: GRASA | P55: 1 | Q55: 8 CUBETAS | R55: 0.5 | S55: 8CUBETAS | T55: 80 | U55: 9CUBETAS

Sheet DIA 30
B1: FECHA | E1: MGA CONTRATISTA MINERA S.A. DE C.V. | O1: ENTRADA DE DIESEL | P1: EXISTENCIA INICIAL DE DIESEL (LTS) | Q1: EXISTENCIA FINAL DE DIESEL (LTS)
B2: DIA | C2: MES | D2: AÑO | P2: ='DIA 29'!Q2+O2 -> 16671 | Q2: =P2-O35 -> 16671
A4: NO. DE EQUIPO | B4: PRIMER TURNO | I4: SEGUNDO TURNO
B6: Horometro Inicial 1ra | C6: DIESEL | D6: Nombre Operador | E6: Nombre Despachador | F6: Nombre del supervisor | G6: Horometro Final 1ra | I6: Horometro Inicial 2da | J6: =C6 -> DIESEL | K6: =D6 -> Nombre Operador | L6: =E6 -> Nombre Despachador | M6: =F6 -> Nombre del supervisor | N6: Horometro final 2da | O6: ='DIA 29'!O6 -> CONSUMO X DIA | P6: HRS 1ra | Q6: HRS 2da
A7: ='DIA 29'!A7 -> ST-031 (EPIROC 1030) | O7: =J7+C7 -> 0 | P7: =G7-B7 -> 0 | Q7: =N7-I7 -> 0
A8: ='DIA 29'!A8 -> ST-025 (1600) | O8: =J8+C8 -> 0 | P8: =G8-B8 -> 0 | Q8: =N8-I8 -> 0
A9: ='DIA 29'!A9 -> ST-036 R1300 | O9: =J9+C9 -> 0 | P9: =G9-B9 -> 0 | Q9: =N9-I9 -> 0
A10: ='DIA 29'!A10 -> ST-018 | O10: =J10+C10 -> 0 | P10: =G10-B10 -> 0 | Q10: =N10-I10 -> 0
A11: ='DIA 29'!A11 -> ST-034 KOMATSU | O11: =J11+C11 -> 0 | P11: =G11-B11 -> 0 | Q11: =N11-I11 -> 0
A12: ='DIA 29'!A12 -> JL-015 (DD311) | O12: =J12+C12 -> 0 | P12: =G12-B12 -> 0 | Q12: =N12-I12 -> 0
A13: ='DIA 29'!A13 -> JL-019 | O13: =J13+C13 -> 0 | P13: =G13-B13 -> 0 | Q13: =N13-I13 -> 0
A14: ='DIA 29'!A14 -> JL-024 CANNON | O14: =J14+C14 -> 0 | P14: =G14-B14 -> 0 | Q14: =N14-I14 -> 0
A15: ='DIA 29'!A15 -> JA-007 RESEMIN | O15: =J15+C15 -> 0 | P15: =G15-B15 -> 0 | Q15: =N15-I15 -> 0
A16: ='DIA 29'!A16 -> JA-004 CANNON | O16: =J16+C16 -> 0 | P16: =G16-B16 -> 0 | Q16: =N16-I16 -> 0
A17: ='DIA 29'!A17 -> RE-009 (RETROEXCAVADORA) | O17: =J17+C17 -> 0 | P17: =G17-B17 -> 0 | Q17: =N17-I17 -> 0
A18: ='DIA 29'!A18 -> RE-010 (RETROEXCAVADORA) | O18: =J18+C18 -> 0 | P18: =G18-B18 -> 0 | Q18: =N18-I18 -> 0
... A34: ='DIA 29'!A34 -> JL-025 | O34: =J34+C34 -> 0 | P34: =G34-B34 -> 0 | Q34: =N34-I34 -> 0
A35: TOTALES | C35: =SUM(C7:C34) -> 0 | J35: =SUM(J7:J34) -> 0 | O35: =C35+J35 -> 0
A43: NOMBRE Y FIRMA DE QUIEN AUTORIZA | G43: NOMBRE Y FIRMA DE ALMACEN | O43: ADMINISTRADOR
P45: 44237 | R45: 44244 | T45: 44251
O46: ACEITE | P46: TAMBO | Q46: LTS | R46: TAMBO | S46: LTS | T46: TAMBO | U46: LTS
O47: HIDRAULICO | P47: 3 | R47: 2 | S47: 140 | T47: 0 | U47: 155
O48: MOTOR | P48: 3 | Q48: 70 | R48: 2 | S48: 182 | T48: 2 | U48: 170
O49: DIFERENCIAL | P49: 1 | Q49: 137 | R49: 1 | S49: 137 | T49: 1 | U49: 160
O50: MAQ.PERF. | P50: 2 | Q50: 117 | R50: 2 | S50: 27 | T50: 1 | U50: 150
O51: DIFERENCIAL CAT | P51: 1 | Q51: 17 | R51: 1 | S51: 0 | T51: 0 | U51: 0
O52: HIDRAULICO CAT | P52: 1 | Q52: 36 | R52: 1 | S52: 0 | T52: 1 | U52: 77
O53: TRANSMICION | Q53: 76 | S53: 76 | T53: 1 | U53: 22.5
O54: ANTICONGELANTE | P54: 1 | Q54: 22 | R54: 1 | S54: 0 | T54: 0 | U54: 165.5
O55: GRASA | P55: 1 | Q55: 8 CUBETAS | R55: 0.5 | S55: 8CUBETAS | T55: 80 | U55: 9CUBETAS

Sheet DIA 31
B1: FECHA | E1: MGA CONTRATISTA MINERA S.A. DE C.V. | O1: ENTRADA DE DIESEL | P1: EXISTENCIA INICIAL DE DIESEL (LTS) | Q1: EXISTENCIA FINAL DE DIESEL (LTS)
B2: DIA | C2: MES | D2: AÑO | P2: ='DIA 30'!Q2+O2 -> 16671 | Q2: =P2-O35 -> 16671
A4: NO. DE EQUIPO | B4: PRIMER TURNO | I4: SEGUNDO TURNO
B6: Horometro Inicial 1ra | C6: DIESEL | D6: Nombre Operador | E6: Nombre Despachador | F6: Nombre del supervisor | G6: Horometro Final 1ra | I6: Horometro Inicial 2da | J6: =C6 -> DIESEL | K6: =D6 -> Nombre Operador | L6: =E6 -> Nombre Despachador | M6: =F6 -> Nombre del supervisor | N6: Horometro final 2da | O6: ='DIA 30'!O6 -> CONSUMO X DIA | P6: HRS 1ra | Q6: HRS 2da
A7: ='DIA 30'!A7 -> ST-031 (EPIROC 1030) | O7: =J7+C7 -> 0 | P7: =G7-B7 -> 0 | Q7: =N7-I7 -> 0
A8: ='DIA 30'!A8 -> ST-025 (1600) | O8: =J8+C8 -> 0 | P8: =G8-B8 -> 0 | Q8: =N8-I8 -> 0
A9: ='DIA 30'!A9 -> ST-036 R1300 | O9: =J9+C9 -> 0 | P9: =G9-B9 -> 0 | Q9: =N9-I9 -> 0
A10: ='DIA 30'!A10 -> ST-018 | O10: =J10+C10 -> 0 | P10: =G10-B10 -> 0 | Q10: =N10-I10 -> 0
A11: ='DIA 30'!A11 -> ST-034 KOMATSU | O11: =J11+C11 -> 0 | P11: =G11-B11 -> 0 | Q11: =N11-I11 -> 0
A12: ='DIA 30'!A12 -> JL-015 (DD311) | O12: =J12+C12 -> 0 | P12: =G12-B12 -> 0 | Q12: =N12-I12 -> 0
A13: ='DIA 30'!A13 -> JL-019 | O13: =J13+C13 -> 0 | P13: =G13-B13 -> 0 | Q13: =N13-I13 -> 0
A14: ='DIA 30'!A14 -> JL-024 CANNON | O14: =J14+C14 -> 0 | P14: =G14-B14 -> 0 | Q14: =N14-I14 -> 0
A15: ='DIA 30'!A15 -> JA-007 RESEMIN | O15: =J15+C15 -> 0 | P15: =G15-B15 -> 0 | Q15: =N15-I15 -> 0
A16: ='DIA 30'!A16 -> JA-004 CANNON | O16: =J16+C16 -> 0 | P16: =G16-B16 -> 0 | Q16: =N16-I16 -> 0
A17: ='DIA 30'!A17 -> RE-009 (RETROEXCAVADORA) | O17: =J17+C17 -> 0 | P17: =G17-B17 -> 0 | Q17: =N17-I17 -> 0
A18: ='DIA 30'!A18 -> RE-010 (RETROEXCAVADORA) | O18: =J18+C18 -> 0 | P18: =G18-B18 -> 0 | Q18: =N18-I18 -> 0
... A34: ='DIA 30'!A34 -> JL-025 | O34: =J34+C34 -> 0 | P34: =G34-B34 -> 0 | Q34: =N34-I34 -> 0
A35: TOTALES | C35: =SUM(C7:C34) -> 0 | J35: =SUM(J7:J34) -> 0 | O35: =C35+J35 -> 0
A43: NOMBRE Y FIRMA DE QUIEN AUTORIZA | G43: NOMBRE Y FIRMA DE ALMACEN | O43: ADMINISTRADOR
P45: 44237 | R45: 44244 | T45: 44251
O46: ACEITE | P46: TAMBO | Q46: LTS | R46: TAMBO | S46: LTS | T46: TAMBO | U46: LTS
O47: HIDRAULICO | P47: 3 | R47: 2 | S47: 140 | T47: 0 | U47: 155
O48: MOTOR | P48: 3 | Q48: 70 | R48: 2 | S48: 182 | T48: 2 | U48: 170
O49: DIFERENCIAL | P49: 1 | Q49: 137 | R49: 1 | S49: 137 | T49: 1 | U49: 160
O50: MAQ.PERF. | P50: 2 | Q50: 117 | R50: 2 | S50: 27 | T50: 1 | U50: 150
O51: DIFERENCIAL CAT | P51: 1 | Q51: 17 | R51: 1 | S51: 0 | T51: 0 | U51: 0
O52: HIDRAULICO CAT | P52: 1 | Q52: 36 | R52: 1 | S52: 0 | T52: 1 | U52: 77
O53: TRANSMICION | Q53: 76 | S53: 76 | T53: 1 | U53: 22.5
O54: ANTICONGELANTE | P54: 1 | Q54: 22 | R54: 1 | S54: 0 | T54: 0 | U54: 165.5
O55: GRASA | P55: 1 | Q55: 8 CUBETAS | R55: 0.5 | S55: 8CUBETAS | T55: 80 | U55: 9CUBETAS

Sheet RENDIMIENTO
B2: MGA CONTRATISTA MINERA S.A. DE C.V.
B5: EQUIPO | C5: CONDICION ACTUAL | D5: HOROMETRO INICIAL | E5: HOROMETRO FINAL | F5: HORAS TRABAJADAS | G5: CONSUMO DE DIESEL | H5: RENDIMEINTO (LITRO/HORA)
B6: ='DIA 01'!A7 -> ST-031 (EPIROC 1030) | C6: DISPONIBLE | F6: =E6-D6 -> 0 | G6: ='DIA 01'!O7+'DIA 02'!O7+'DIA 03'!O7+'DIA 04'!O7+'DIA 05'!O7+'DIA 06'!O7+'DIA 07'!O7+'DIA 08'!O7+'DIA 09'!O7+'DIA 10'!O7+'DIA 11'!O7+'DIA 12'!O7+'DIA 13'!O7+'DIA 14'!O7+'DIA 15'!O7+'DIA 16'!O7+'DIA 17'!O7+'DIA 18'!O7+'DIA 19'!O7+'DIA 20'!O7+'DIA 21'!O7+'DIA 22'!O7+'DIA 23'!O7+'DIA 24'!O7+'DIA 25'!O7+'DIA 26'!O7+'DIA 27'!O7+'DIA 28'!O7+'DIA 29'!O7+'DIA 30'!O7+'DIA 31'!O7 -> 496 | H6: =G6/F6 -> #DIV/0!
B7: ='DIA 01'!A8 -> ST-025 (1600) | C7: DISPONIBLE | F7: =E7-D7 -> 0 | G7: ='DIA 01'!O8+'DIA 02'!O8+'DIA 03'!O8+'DIA 04'!O8+'DIA 05'!O8+'DIA 06'!O8+'DIA 07'!O8+'DIA 08'!O8+'DIA 09'!O8+'DIA 10'!O8+'DIA 11'!O8+'DIA 12'!O8+'DIA 13'!O8+'DIA 14'!O8+'DIA 15'!O8+'DIA 16'!O8+'DIA 17'!O8+'DIA 18'!O8+'DIA 19'!O8+'DIA 20'!O8+'DIA 21'!O8+'DIA 22'!O8+'DIA 23'!O8+'DIA 24'!O8+'DIA 25'!O8+'DIA 26'!O8+'DIA 27'!O8+'DIA 28'!O8+'DIA 29'!O8+'DIA 30'!O8+'DIA 31'!O8 -> 544 | H7: =G7/F7 -> #DIV/0!
B8: ='DIA 01'!A9 -> ST-036 R1300 | C8: DISPONIBLE | F8: =E8-D8 -> 0 | G8: ='DIA 01'!O9+'DIA 02'!O9+'DIA 03'!O9+'DIA 04'!O9+'DIA 05'!O9+'DIA 06'!O9+'DIA 07'!O9+'DIA 08'!O9+'DIA 09'!O9+'DIA 10'!O9+'DIA 11'!O9+'DIA 12'!O9+'DIA 13'!O9+'DIA 14'!O9+'DIA 15'!O9+'DIA 16'!O9+'DIA 17'!O9+'DIA 18'!O9+'DIA 19'!O9+'DIA 20'!O9+'DIA 21'!O9+'DIA 22'!O9+'DIA 23'!O9+'DIA 24'!O9+'DIA 25'!O9+'DIA 26'!O9+'DIA 27'!O9+'DIA 28'!O9+'DIA 29'!O9+'DIA 30'!O9+'DIA 31'!O9 -> 5764 | H8: =G8/F8 -> #DIV/0!
B9: ='DIA 01'!A10 -> ST-018 | C9: DISPONIBLE | F9: =E9-D9 -> 0 | G9: ='DIA 01'!O10+'DIA 02'!O10+'DIA 03'!O10+'DIA 04'!O10+'DIA 05'!O10+'DIA 06'!O10+'DIA 07'!O10+'DIA 08'!O10+'DIA 09'!O10+'DIA 10'!O10+'DIA 11'!O10+'DIA 12'!O10+'DIA 13'!O10+'DIA 14'!O10+'DIA 15'!O10+'DIA 16'!O10+'DIA 17'!O10+'DIA 18'!O10+'DIA 19'!O10+'DIA 20'!O10+'DIA 21'!O10+'DIA 22'!O10+'DIA 23'!O10+'DIA 24'!O10+'DIA 25'!O10+'DIA 26'!O10+'DIA 27'!O10+'DIA 28'!O10+'DIA 29'!O10+'DIA 30'!O10+'DIA 31'!O10 -> 2076 | H9: =G9/F9 -> #DIV/0!
B10: ='DIA 01'!A11 -> ST-034 KOMATSU | C10: DISPONIBLE | F10: =E10-D10 -> 0 | G10: ='DIA 01'!O11+'DIA 02'!O11+'DIA 03'!O11+'DIA 04'!O11+'DIA 05'!O11+'DIA 06'!O11+'DIA 07'!O11+'DIA 08'!O11+'DIA 09'!O11+'DIA 10'!O11+'DIA 11'!O11+'DIA 12'!O11+'DIA 13'!O11+'DIA 14'!O11+'DIA 15'!O11+'DIA 16'!O11+'DIA 17'!O11+'DIA 18'!O11+'DIA 19'!O11+'DIA 20'!O11+'DIA 21'!O11+'DIA 22'!O11+'DIA 23'!O11+'DIA 24'!O11+'DIA 25'!O11+'DIA 26'!O11+'DIA 27'!O11+'DIA 28'!O11+'DIA 29'!O11+'DIA 30'!O11+'DIA 31'!O11 -> 0 | H10: =G10/F10 -> #DIV/0!
B11: ='DIA 01'!A12 -> JL-015 (DD311) | C11: DISPONIBLE | F11: =E11-D11 -> 0 | G11: ='DIA 01'!O12+'DIA 02'!O12+'DIA 03'!O12+'DIA 04'!O12+'DIA 05'!O12+'DIA 06'!O12+'DIA 07'!O12+'DIA 08'!O12+'DIA 09'!O12+'DIA 10'!O12+'DIA 11'!O12+'DIA 12'!O12+'DIA 13'!O12+'DIA 14'!O12+'DIA 15'!O12+'DIA 16'!O12+'DIA 17'!O12+'DIA 18'!O12+'DIA 19'!O12+'DIA 20'!O12+'DIA 21'!O12+'DIA 22'!O12+'DIA 23'!O12+'DIA 24'!O12+'DIA 25'!O12+'DIA 26'!O12+'DIA 27'!O12+'DIA 28'!O12+'DIA 29'!O12+'DIA 30'!O12+'DIA 31'!O12 -> 316 | H11: =G11/F11 -> #DIV/0!
B12: ='DIA 01'!A13 -> JL-019 | C12: DISPONIBLE | F12: =E12-D12 -> 0 | G12: ='DIA 01'!O13+'DIA 02'!O13+'DIA 03'!O13+'DIA 04'!O13+'DIA 05'!O13+'DIA 06'!O13+'DIA 07'!O13+'DIA 08'!O13+'DIA 09'!O13+'DIA 10'!O13+'DIA 11'!O13+'DIA 12'!O13+'DIA 13'!O13+'DIA 14'!O13+'DIA 15'!O13+'DIA 16'!O13+'DIA 17'!O13+'DIA 18'!O13+'DIA 19'!O13+'DIA 20'!O13+'DIA 21'!O13+'DIA 22'!O13+'DIA 23'!O13+'DIA 24'!O13+'DIA 25'!O13+'DIA 26'!O13+'DIA 27'!O13+'DIA 28'!O13+'DIA 29'!O13+'DIA 30'!O13+'DIA 31'!O13 -> 0 | H12: =G12/F12 -> #DIV/0!
B13: ='DIA 01'!A14 -> JL-024 CANNON | C13: DISPONIBLE | F13: =E13-D13 -> 0 | G13: ='DIA 01'!O14+'DIA 02'!O14+'DIA 03'!O14+'DIA 04'!O14+'DIA 05'!O14+'DIA 06'!O14+'DIA 07'!O14+'DIA 08'!O14+'DIA 09'!O14+'DIA 10'!O14+'DIA 11'!O14+'DIA 12'!O14+'DIA 13'!O14+'DIA 14'!O14+'DIA 15'!O14+'DIA 16'!O14+'DIA 17'!O14+'DIA 18'!O14+'DIA 19'!O14+'DIA 20'!O14+'DIA 21'!O14+'DIA 22'!O14+'DIA 23'!O14+'DIA 24'!O14+'DIA 25'!O14+'DIA 26'!O14+'DIA 27'!O14+'DIA 28'!O14+'DIA 29'!O14+'DIA 30'!O14+'DIA 31'!O14 -> 0 | H13: =G13/F13 -> #DIV/0!
B14: ='DIA 01'!A15 -> JA-007 RESEMIN | C14: DISPONIBLE | F14: =E14-D14 -> 0 | G14: ='DIA 01'!O15+'DIA 02'!O15+'DIA 03'!O15+'DIA 04'!O15+'DIA 05'!O15+'DIA 06'!O15+'DIA 07'!O15+'DIA 08'!O15+'DIA 09'!O15+'DIA 10'!O15+'DIA 11'!O15+'DIA 12'!O15+'DIA 13'!O15+'DIA 14'!O15+'DIA 15'!O15+'DIA 16'!O15+'DIA 17'!O15+'DIA 18'!O15+'DIA 19'!O15+'DIA 20'!O15+'DIA 21'!O15+'DIA 22'!O15+'DIA 23'!O15+'DIA 24'!O15+'DIA 25'!O15+'DIA 26'!O15+'DIA 27'!O15+'DIA 28'!O15+'DIA 29'!O15+'DIA 30'!O15+'DIA 31'!O15 -> 267 | H14: =G14/F14 -> #DIV/0!
B15: ='DIA 01'!A16 -> JA-004 CANNON | C15: DISPONIBLE | F15: =E15-D15 -> 0 | G15: ='DIA 01'!O16+'DIA 02'!O16+'DIA 03'!O16+'DIA 04'!O16+'DIA 05'!O16+'DIA 06'!O16+'DIA 07'!O16+'DIA 08'!O16+'DIA 09'!O16+'DIA 10'!O16+'DIA 11'!O16+'DIA 12'!O16+'DIA 13'!O16+'DIA 14'!O16+'DIA 15'!O16+'DIA 16'!O16+'DIA 17'!O16+'DIA 18'!O16+'DIA 19'!O16+'DIA 20'!O16+'DIA 21'!O16+'DIA 22'!O16+'DIA 23'!O16+'DIA 24'!O16+'DIA 25'!O16+'DIA 26'!O16+'DIA 27'!O16+'DIA 28'!O16+'DIA 29'!O16+'DIA 30'!O16+'DIA 31'!O16 -> 252 | H15: =G15/F15 -> #DIV/0!
B16: ='DIA 01'!A17 -> RE-009 (RETROEXCAVADORA) | C16: DISPONIBLE | F16: =E16-D16 -> 0 | G16: ='DIA 01'!O17+'DIA 02'!O17+'DIA 03'!O17+'DIA 04'!O17+'DIA 05'!O17+'DIA 06'!O17+'DIA 07'!O17+'DIA 08'!O17+'DIA 09'!O17+'DIA 10'!O17+'DIA 11'!O17+'DIA 12'!O17+'DIA 13'!O17+'DIA 14'!O17+'DIA 15'!O17+'DIA 16'!O17+'DIA 17'!O17+'DIA 18'!O17+'DIA 19'!O17+'DIA 20'!O17+'DIA 21'!O17+'DIA 22'!O17+'DIA 23'!O17+'DIA 24'!O17+'DIA 25'!O17+'DIA 26'!O17+'DIA 27'!O17+'DIA 28'!O17+'DIA 29'!O17+'DIA 30'!O17+'DIA 31'!O17 -> 948 | H16: =G16/F16 -> #DIV/0!
B17: ='DIA 01'!A18 -> RE-010 (RETROEXCAVADORA) | C17: DISPONIBLE | F17: =E17-D17 -> 0 | G17: ='DIA 01'!O18+'DIA 02'!O18+'DIA 03'!O18+'DIA 04'!O18+'DIA 05'!O18+'DIA 06'!O18+'DIA 07'!O18+'DIA 08'!O18+'DIA 09'!O18+'DIA 10'!O18+'DIA 11'!O18+'DIA 12'!O18+'DIA 13'!O18+'DIA 14'!O18+'DIA 15'!O18+'DIA 16'!O18+'DIA 17'!O18+'DIA 18'!O18+'DIA 19'!O18+'DIA 20'!O18+'DIA 21'!O18+'DIA 22'!O18+'DIA 23'!O18+'DIA 24'!O18+'DIA 25'!O18+'DIA 26'!O18+'DIA 27'!O18+'DIA 28'!O18+'DIA 29'!O18+'DIA 30'!O18+'DIA 31'!O18 -> 652 | H17: =G17/F17 -> #DIV/0!
... B32: ='DIA 01'!A33 -> ST-039 | C32: DISPONIBLE | F32: =E32-D32 -> 0 | G32: ='DIA 01'!O33+'DIA 02'!O33+'DIA 03'!O33+'DIA 04'!O33+'DIA 05'!O33+'DIA 06'!O33+'DIA 07'!O33+'DIA 08'!O33+'DIA 09'!O33+'DIA 10'!O33+'DIA 11'!O33+'DIA 12'!O33+'DIA 13'!O33+'DIA 14'!O33+'DIA 15'!O33+'DIA 16'!O33+'DIA 17'!O33+'DIA 18'!O33+'DIA 19'!O33+'DIA 20'!O33+'DIA 21'!O33+'DIA 22'!O33+'DIA 23'!O33+'DIA 24'!O33+'DIA 25'!O33+'DIA 26'!O33+'DIA 27'!O33+'DIA 28'!O33+'DIA 29'!O33+'DIA 30'!O33+'DIA 31'!O33 -> 6007 | H32: =G32/F32 -> #DIV/0!
B33: ='DIA 01'!A34 -> JL-025 | C33: DISPONIBLE | F33: =E33-D33 -> 0 | G33: ='DIA 01'!O27+'DIA 02'!O27+'DIA 03'!O38+'DIA 04'!O38+'DIA 05'!O38+'DIA 06'!O38+'DIA 07'!O38+'DIA 08'!O38+'DIA 09'!O38+'DIA 10'!O38+'DIA 11'!O38+'DIA 12'!O38+'DIA 13'!O38+'DIA 14'!O38+'DIA 15'!O38+'DIA 16'!O38+'DIA 17'!O38+'DIA 18'!O38+'DIA 19'!O38+'DIA 20'!O38+'DIA 21'!O38+'DIA 22'!O38+'DIA 23'!O38+'DIA 24'!O38+'DIA 25'!O38+'DIA 26'!O38+'DIA 27'!O38+'DIA 28'!O38+'DIA 29'!O38+'DIA 30'!O38+'DIA 31'!O38 -> 84 | H33: =G33/F33 -> #DIV/0!
G34: =SUM(G6:G33) -> 35937

Sheet Hoja1
